station,last_update,CO,NH3,NO2,OZONE,PM10,PM2.5,SO2,AQI
"15th Mile-Nongthymmai, Byrnihat - Meghalaya PCB",2026-04-21 17:00:00,-1.0364528768516503,-0.1304728440244092,-0.23959672655860262,-0.22664551226873497,-0.21702466003451443,-0.3054353660745466,-0.29215989972594775,92.0
"32Bungalows, Bhilai - CECB",2026-04-21 17:00:00,-0.8673488617534871,-0.40772763757627867,-0.4993083749005523,-0.6114084901008177,-1.3651423792707893,-1.0479198000762504,0.02762880339460658,35.0
"AIIMS, Raipur - CECB",2026-04-21 17:00:00,0.1472752288354918,-0.40772763757627867,0.3317688997936867,-0.8422662768000673,-0.8817243922239367,-1.023968689302002,-1.1715788333074721,59.0
"Adarsh Nagar, Jaipur - RSPCB",2026-04-21 17:00:00,-0.698244846655324,0.7012915366311993,0.3837112294620766,-0.8935680071776783,-0.13645499552670565,1.0597779480576186,0.5872590338555767,118.0
"Airport Area, Indore - IMC",2026-04-21 17:00:00,0.9927953043263076,-0.1304728440244092,-1.1226163309212316,-0.8935680071776783,-0.7407274793352714,0.24544018173316925,-0.611948602846502,84.0
"Alipur, Delhi - DPCC",2026-04-21 17:00:00,-0.07819679129539242,1.8103107108386771,0.7992498668091961,-0.4575032989679846,1.9583562816763223,1.03582683728337,0.18752315495488373,200.0
"Ambazari, Nagpur - MPCB",2026-04-21 17:00:00,-1.0928208818843714,0.1467819495274603,-0.6031930342373322,0.5172295782066249,-0.4587336535579407,-0.11382647988055844,-0.21221272394580915,80.0
"Ambedkar Nagar, Nellore - APPCB ",2026-04-21 17:00:00,0.372747248966376,-0.1304728440244092,-0.18765439689021268,-0.5344558945344011,-1.324857547016885,-0.8802620246565108,-0.5320014270663634,38.0
"Amity University, Panchgaon - IITM",2026-04-21 17:00:00,-0.41640482149171876,-0.6849824311281482,-1.0706740012528415,0.6198330389618469,0.2663933270123382,1.2992890558001038,0.6672062096357152,128.0
"Anand Kala Kshetram, Rajamahendravaram - APPCB",2026-04-21 17:00:00,-0.5291408315571609,-0.9622372246800176,-0.9148470122476718,-0.8166154116112617,-1.3449999631438372,-1.3832353509157296,-0.8517901301869177,36.0
"Anand Vihar, Delhi - DPCC",2026-04-21 17:00:00,0.4854832590318181,2.0875655043905468,3.3444240205603033,-1.1757275242545389,3.086331584785645,1.7783112712850742,0.42736468229529945,256.0
"Anand Vihar, Hapur - UPPCB",2026-04-21 17:00:00,-0.07819679129539242,1.8103107108386771,1.838096460176995,-0.277947242646346,2.7036256783735535,1.2274357234773583,3.4653573619405655,237.0
"Anthoni Pillai Nagar, Gummidipoondi - TNPCB",2026-04-21 17:00:00,-0.19093280136083451,-1.2394920182318871,-0.3954237155637724,-0.22664551226873497,-0.15659741165365784,0.31729351405591477,0.18752315495488373,95.0
"Ardhali Bazar, Varanasi - UPPCB",2026-04-21 17:00:00,-0.8673488617534871,-0.1304728440244092,0.7473075371408061,-0.7653136812336507,0.08511158186976846,0.24544018173316925,-0.4520542512862249,107.0
"Arumbakkam, Chennai - TNPCB",2026-04-21 17:00:00,-0.19093280136083451,-0.9622372246800176,-0.759020023242502,-0.22664551226873497,-0.6601578148274626,-1.311382018592984,-1.1715788333074721,70.0
"Arya Nagar, Bahadurgarh - HSPCB",2026-04-21 17:00:00,0.8800592942608655,2.0875655043905468,-0.7070776935741121,-0.7140119508560396,0.5282447366627167,2.281284597544293,-0.8517901301869177,169.0
"Asansol Court Area, Asansol - WBPCB",2026-04-21 17:00:00,0.20364323386821284,0.1467819495274603,0.5395382184672464,0.2094191959409587,-0.21702466003451443,0.8921201726378791,-0.13226554816567057,111.0
"Ashok Nagar, Udaipur - RSPCB",2026-04-21 17:00:00,-0.5855088365898818,1.2558011237349382,1.5783848118350452,0.08116486999693116,0.04482674961586407,0.5328535110241515,-0.7718429544067792,105.0
"Ashok Vihar, Delhi - DPCC",2026-04-21 17:00:00,0.7109552791627023,0.42403674307932976,1.1628461744879257,0.23507006112976422,1.7367897042798481,1.1316312803803643,0.8271005611959923,189.0
"Ashta Vinayak Nagar, Hingoli - MPCB",2026-04-21 17:00:00,-0.9800848718189292,-0.9622372246800176,-0.759020023242502,3.364475614164036,-1.4658544599055503,-1.21557757549599,-1.0916316575273335,231.0
"Aya Nagar, Delhi - IMD",2026-04-21 17:00:00,0.2600112389009339,-0.1304728440244092,0.9550768558143659,0.5428804433954304,1.1123748043443302,0.24544018173316925,-0.29215989972594775,158.0
"B R Ambedkar University, Lucknow - UPPCB",2026-04-21 17:00:00,-0.19093280136083451,-0.40772763757627867,-0.759020023242502,0.7224364997170689,0.9915203075826171,0.2693912925074178,0.3474175065151609,152.0
"BTM Layout, Bengaluru - CPCB",2026-04-21 17:00:00,0.9364272992935866,-0.1304728440244092,0.020114921783347058,-0.7396628160448452,-0.2573094922884188,-0.8323598031080138,0.02762880339460658,90.0
"BWSSB Kadabesanahalli, Bengaluru - CPCB",2026-04-21 17:00:00,0.372747248966376,-1.2394920182318871,-0.3954237155637724,-0.43185243377917903,-1.1838606341282196,-1.2395286862702386,-0.9317373059670563,44.0
"Ballygunge, Kolkata - WBPCB",2026-04-21 17:00:00,-0.641876841622603,0.1467819495274603,-0.4993083749005523,-0.6114084901008177,-1.0630061373665065,-0.7605064707852683,0.2674703307350223,50.0
"Bamboliya, Baran - RSPCB",2026-04-21 17:00:00,-0.641876841622603,-0.6849824311281482,0.3837112294620766,1.1071994775491516,0.40739023990100354,0.7244623972181395,0.10757597917474515,123.0
"Bandhavgar Colony, Satna - Birla Cement",2026-04-21 17:00:00,-0.5855088365898818,-0.1304728440244092,-0.759020023242502,-0.22664551226873497,-0.6601578148274626,-0.5688975845912801,0.507311858075438,70.0
"Bandra Kurla Complex, Mumbai - IITM",2026-04-21 17:00:00,1.0491633093590287,3.7510942657017634,0.48759588879885646,-0.8422662768000673,0.5483871527896689,0.2693912925074178,-1.2515260090876106,130.0
"Bandra Kurla Complex, Mumbai - MPCB",2026-04-21 17:00:00,-1.2055568919498134,-0.40772763757627867,-0.29153905622699255,0.004212274430514627,-0.277451908415371,0.053831295539181145,-1.0916316575273335,89.0
"Bapuji Nagar, Bengaluru - KSPCB",2026-04-21 17:00:00,-0.36003681645899765,-0.6849824311281482,0.072057251451737,0.6454839041506524,-0.13645499552670565,-0.7605064707852683,0.507311858075438,96.0
"Bapunagar, Vadodara - Nexteng Enviro",2026-04-21 17:00:00,2.7965714653733813,-0.6849824311281482,-0.5512507045689422,-1.1757275242545389,0.3872478237740513,1.2274357234773583,-0.8517901301869177,125.0
"Bardowali, Agartala - Tripura SPCB",2026-04-21 17:00:00,-0.8673488617534871,-0.40772763757627867,-0.4473660452321624,-1.0474731983105112,-0.35802157292317977,-0.233582033751801,-1.0916316575273335,85.0
"Barsua Iron Ore Mines, Tensa - OSPCB",2026-04-21 17:00:00,0.6545872741299813,-0.1304728440244092,-0.23959672655860262,0.5685313085842358,-0.21702466003451443,-0.6647020276882742,-0.29215989972594775,92.0
"Bata Chowk, Nalbari - PCBA",2026-04-21 17:00:00,-0.5291408315571609,0.1467819495274603,-0.6551353639057221,-0.9448697375552892,-1.3651423792707893,-1.0000175785277534,0.507311858075438,35.0
"Bawana, Delhi - DPCC",2026-04-21 17:00:00,0.034539218770049694,-0.1304728440244092,-0.23959672655860262,0.08116486999693116,2.0792107784380356,1.5627512743168375,0.6672062096357152,206.0
"Belur Math, Howrah - WBPCB",2026-04-21 17:00:00,-0.641876841622603,-0.1304728440244092,1.3706154931614853,-0.5344558945344011,-0.6601578148274626,-0.5688975845912801,-0.29215989972594775,70.0
"Bhatagaon New ISBT, Raipur - CECB",2026-04-21 17:00:00,-0.13456479632811347,-0.9622372246800176,0.17594191078851687,-1.2783309850097608,-0.801154727716128,-0.9521153569792564,-0.3721070755060863,63.0
"Bhayandar West, Mira-Bhayandar - MPCB",2026-04-21 17:00:00,-0.641876841622603,-0.1304728440244092,-0.3954237155637724,-0.7909645464224562,-0.5393033180657495,-0.4251909199457891,-0.6918957786266406,76.0
"Bhelupur, Varanasi - UPPCB",2026-04-21 17:00:00,-1.2055568919498134,-1.2394920182318871,-0.9667893419160617,-0.8935680071776783,-0.015600498764992508,-0.7126042492367712,0.9869949127562695,102.0
"Bhoiwada, Dungarpur - RSPCB",2026-04-21 17:00:00,-0.41640482149171876,2.0875655043905468,-0.4993083749005523,0.004212274430514627,-0.5594457341927017,-0.9521153569792564,-0.9317373059670563,75.0
"Bhopal Chauraha, Dewas - MPPCB",2026-04-21 17:00:00,-0.13456479632811347,-0.40772763757627867,3.500251009565473,-0.5601067597232066,-0.11631257939975347,-0.35333758762304357,0.507311858075438,97.0
"Bhosari,Pimpri-Chinchwad - IITM",2026-04-21 17:00:00,-1.656500932211582,-0.1304728440244092,-0.4993083749005523,-0.4575032989679846,-0.4990184858118451,-0.6407509169140257,-0.29215989972594775,78.0
"Bhumkar Nagar, Pimpri-Chinchwad - IITM",2026-04-21 17:00:00,0.1472752288354918,-0.1304728440244092,-0.5512507045689422,0.5941821737730414,0.28653574313929037,0.0059290739906841215,-0.29215989972594775,117.0
"Bidhannagar, Kolkata - WBPCB",2026-04-21 17:00:00,1.1618993194244707,-0.1304728440244092,-0.6551353639057221,-0.17534378189112396,-0.9824364728586977,-0.5928486953655288,-0.611948602846502,54.0
"Bolinj, Virar - MPCB",2026-04-21 17:00:00,-0.9237168667862082,-0.1304728440244092,-0.13571206722182275,-0.277947242646346,-0.8212971438430802,-0.7126042492367712,-1.0916316575273335,62.0
"Bombay Castel, Ooty - TNPCB",2026-04-21 17:00:00,-0.19093280136083451,-0.1304728440244092,-1.2265009902580115,-1.22702925463215,-0.8615819760969845,-0.5209953630427832,-1.0916316575273335,60.0
"Borivali East, Mumbai - IITM",2026-04-21 17:00:00,2.2328914150461707,-0.1304728440244092,0.5395382184672464,0.4402769826402083,0.08511158186976846,-0.08987536910630993,-0.29215989972594775,107.0
"Borivali East, Mumbai - MPCB",2026-04-21 17:00:00,-1.0928208818843714,0.42403674307932976,-0.23959672655860262,-0.22664551226873497,-0.35802157292317977,-0.3054353660745466,-0.21221272394580915,85.0
"Botanical Garden, Howrah - WBPCB",2026-04-21 17:00:00,-0.8109808567207661,-1.2394920182318871,-0.6551353639057221,-0.3035981078351515,-0.9622940567317455,-0.9281642462050079,-1.0116844817471948,55.0
"Buddha Colony, Muzaffarpur - BSPCB",2026-04-21 17:00:00,-0.36003681645899765,3.7510942657017634,0.43565355913046655,3.364475614164036,1.2936565494869,3.1914268069657363,-0.6918957786266406,239.0
"Buddhi Vihar, Moradabad - UPPCB",2026-04-21 17:00:00,-0.13456479632811347,-0.1304728440244092,0.12399958112012693,-0.38055070340156805,-0.47887606968489294,-0.8802620246565108,0.507311858075438,79.0
"Burari Crossing, Delhi - IMD",2026-04-21 17:00:00,-0.02182878626267136,-0.1304728440244092,0.9550768558143659,1.1841520731155681,1.4346534623755653,0.700511286443891,-0.29215989972594775,174.0
"Byculla, Mumbai - BMC",2026-04-21 17:00:00,1.5564753546535182,-0.1304728440244092,-0.18765439689021268,-0.4831541641567901,-0.6601578148274626,-0.8084086923337653,-1.0916316575273335,70.0
"CBD Belapur, Belapur - MPCB",2026-04-21 17:00:00,-0.02182878626267136,-0.1304728440244092,-0.23959672655860262,0.7993890952834855,-0.21702466003451443,-0.3054353660745466,-0.29215989972594775,92.0
"CDA Area, Cuttack - OSPCB",2026-04-21 17:00:00,2.2328914150461707,-0.9622372246800176,-0.9667893419160617,0.6454839041506524,-0.2573094922884188,-0.9760664677535049,-0.6918957786266406,90.0
"CRRI Mathura Road, Delhi - IMD",2026-04-21 17:00:00,0.4854832590318181,-0.1304728440244092,0.7992498668091961,0.08116486999693116,1.5756503752642306,0.7723646187666365,-0.29215989972594775,181.0
"Cantonment Area, Delhi - DPCC ",2026-04-21 17:00:00,0.09090722380277075,-0.9622372246800176,-0.08376973755343281,-0.6883610856672342,0.9915203075826171,-0.9042131354307594,1.3867307916569624,152.0
"Central Academy for SFS, Byrnihat - PCBA",2026-04-21 17:00:00,1.443739344588076,-0.40772763757627867,-0.9667893419160617,-0.277947242646346,-0.4990184858118451,0.7244623972181395,1.2268364400966851,104.0
"Central University, Hyderabad - TSPCB",2026-04-21 17:00:00,-1.1491888869170925,-0.6849824311281482,-0.29153905622699255,-0.9705206027440948,-1.64713620504812,-1.311382018592984,-0.7718429544067792,21.0
"Chakala-Andheri East, Mumbai - IITM",2026-04-21 17:00:00,-0.19093280136083451,-0.40772763757627867,-0.4473660452321624,0.1324666003745422,0.36710540764709915,-0.13777759065480696,-0.6918957786266406,121.0
"Chalai Bazaar, Ramanathapuram - TNPCB",2026-04-21 17:00:00,-0.19093280136083451,-0.1304728440244092,-0.23959672655860262,-1.2526801198209554,-1.6269937889211679,-0.3054353660745466,-0.5320014270663634,61.0
"Chandkheda, Ahmedabad - IITM",2026-04-21 17:00:00,-1.0928208818843714,0.42403674307932976,-0.13571206722182275,0.4146261174514028,-0.015600498764992508,-0.7605064707852683,-0.4520542512862249,102.0
"Chandni Chowk, Delhi - IITM",2026-04-21 17:00:00,-0.19093280136083451,0.9785463301830687,3.292481690891913,-0.22664551226873497,1.495080710756422,0.1735868494104237,0.5872590338555767,177.0
"Charitra Van, Buxar - BSPCB",2026-04-21 17:00:00,-0.41640482149171876,-0.6849824311281482,-0.9148470122476718,-0.8166154116112617,-0.9220092244778412,-0.3293864768487951,0.907047736976131,60.0
"Chauhan Colony, Chandrapur - MPCB",2026-04-21 17:00:00,-0.41640482149171876,-0.1304728440244092,0.48759588879885646,-0.8679171419888727,0.5081023205357644,0.7244623972181395,-0.29215989972594775,128.0
"Chembur, Mumbai - MPCB",2026-04-21 17:00:00,-0.07819679129539242,0.1467819495274603,-0.13571206722182275,-0.14969291670231843,-0.43859123743098855,-0.6647020276882742,-0.7718429544067792,81.0
"Chhoti Gwaltoli, Indore - MPPCB",2026-04-21 17:00:00,-0.3036688114262766,3.1965846785980245,3.0847123722183536,-0.9448697375552892,-0.17673982778061004,-0.5209953630427832,-0.611948602846502,94.0
"Chikkaballapur Rural, Chikkaballapur - KSPCB",2026-04-21 17:00:00,0.034539218770049694,-1.2394920182318871,-1.1745586605896214,-1.1500766590657334,-0.37816398905013193,-0.3054353660745466,0.3474175065151609,84.0
"Chinchpada, Ambernath - MPCB",2026-04-21 17:00:00,-1.0928208818843714,0.1467819495274603,1.0589615151511458,-0.3548998382127625,-0.8414395599700324,-0.5209953630427832,-0.3721070755060863,61.0
"Chitragupta Nagar, Siwan - BSPCB",2026-04-21 17:00:00,1.2746353294899129,-1.2394920182318871,-1.2784433199264014,-1.1244257938769278,0.16568124637757722,-0.233582033751801,-0.7718429544067792,111.0
"Christianpatty, Nagaon - PCBA",2026-04-21 17:00:00,-0.8109808567207661,-0.40772763757627867,-1.3303856495947912,-1.1244257938769278,-0.9220092244778412,-0.233582033751801,-0.4520542512862249,64.0
"City Railway Station, Bengaluru - KSPCB",2026-04-21 17:00:00,1.6128433596862393,-0.1304728440244092,2.5133467458660643,-0.22664551226873497,0.08511158186976846,-0.3054353660745466,-0.5320014270663634,107.0
"Civic Center, Bhilai - Bhilai Steel Plant",2026-04-21 17:00:00,-0.5855088365898818,-1.2394920182318871,-0.7070776935741121,-0.9192188723664838,-1.1838606341282196,-1.1437242431732446,-0.6918957786266406,44.0
"Civil Line, Jalandhar - PPCB",2026-04-21 17:00:00,0.372747248966376,-0.1304728440244092,0.3317688997936867,-0.22664551226873497,-0.7810123115891758,-0.37728869839729207,0.2674703307350223,64.0
"Civil Lines,  Ajmer - RSPCB",2026-04-21 17:00:00,1.1055313143917498,-0.40772763757627867,0.072057251451737,-0.38055070340156805,0.04482674961586407,-0.25753314452604953,-0.5320014270663634,105.0
"Civil Lines, Bareilly - UPPCB",2026-04-21 17:00:00,0.7109552791627023,-0.9622372246800176,-1.2784433199264014,-0.43185243377917903,-0.9220092244778412,-0.49704425226853466,3.2255158346001496,57.0
"Civil Lines, Sagar - MPPCB",2026-04-21 17:00:00,-0.9237168667862082,-0.9622372246800176,-0.3434813858953825,1.5945659161364563,-0.37816398905013193,-0.47309314149428616,-0.5320014270663634,115.0
"Colaba, Mumbai - MPCB",2026-04-21 17:00:00,2.74020346034066,-0.40772763757627867,0.072057251451737,-0.22664551226873497,-1.4054272115246937,-1.1197731323989961,-0.29215989972594775,80.0
"Collector Office, Yadgir - KSPCB",2026-04-21 17:00:00,-0.24730080639355556,-1.2394920182318871,-0.03182740788504288,-0.7653136812336507,-0.3378791567962276,-0.37728869839729207,-0.3721070755060863,86.0
"Collectorate, Gaya - BSPCB",2026-04-21 17:00:00,-0.19093280136083451,-0.1304728440244092,-0.9148470122476718,-0.8422662768000673,-0.21702466003451443,1.1076801696061158,-0.29215989972594775,120.0
"Collectorate, Jodhpur - RSPCB",2026-04-21 17:00:00,-1.4310289120806976,0.9785463301830687,-0.29153905622699255,0.5941821737730414,-0.43859123743098855,-0.281484255300298,-0.7718429544067792,81.0
"Commonwealth Sports Complex, Delhi - DPCC",2026-04-21 17:00:00,0.372747248966376,-0.1304728440244092,1.3706154931614853,3.0823160970871757,1.1526596365982347,0.8681690618636306,0.9869949127562695,173.0
"D M Colony, Bihar Sharif - BSPCB",2026-04-21 17:00:00,1.1055313143917498,-0.6849824311281482,-0.9148470122476718,-1.3039818501985665,-1.2040030502551717,-0.4012398091715406,-0.5320014270663634,57.0
"DM Office_Kachari Chowk, Bhagalpur - BSPCB",2026-04-21 17:00:00,-0.19093280136083451,-1.2394920182318871,-0.759020023242502,-0.9192188723664838,0.06496916574281626,-0.13777759065480696,3.4653573619405655,106.0
"DM Office_Kasipur, Samastipur - BSPCB",2026-04-21 17:00:00,-1.2055568919498134,-0.1304728440244092,-0.23959672655860262,-1.1500766590657334,-0.21702466003451443,-0.3054353660745466,-0.29215989972594775,92.0
"DRM Office Danapur, Patna - BSPCB",2026-04-21 17:00:00,0.31637924393365496,0.7012915366311993,0.5914805481356363,-0.5857576249120121,1.595792791391183,1.8501646036078196,-0.8517901301869177,182.0
"DTU, Delhi - CPCB",2026-04-21 17:00:00,-0.3036688114262766,1.2558011237349382,0.43565355913046655,-0.5857576249120121,0.9915203075826171,1.0837290588318673,1.7065194947775166,152.0
"Dabuna, Nayagarh - OSPCB",2026-04-21 17:00:00,-0.9237168667862082,0.42403674307932976,-1.1745586605896214,-1.0218223331217058,0.20596607863148161,-0.018022036783564392,-0.3721070755060863,113.0
"Dada Peer, Sasaram - BSPCB",2026-04-21 17:00:00,1.2746353294899129,-0.6849824311281482,-1.2265009902580115,-0.8935680071776783,-0.07602774714584908,-0.9042131354307594,-0.29215989972594775,99.0
"Dangi Tola, Rajgir - BSPCB",2026-04-21 17:00:00,0.5982192690972602,-0.6849824311281482,-0.6551353639057221,-0.6883610856672342,-0.901866808350889,-0.3054353660745466,-1.0916316575273335,61.0
"Dasnagar, Howrah - WBPCB",2026-04-21 17:00:00,-0.19093280136083451,-0.1304728440244092,-0.5512507045689422,-0.14969291670231843,-0.901866808350889,-0.5209953630427832,-0.29215989972594775,58.0
"Deen Dayal Nagar, Gwalior - MPPCB",2026-04-21 17:00:00,-0.07819679129539242,-0.1304728440244092,1.6822694711718251,1.0045960167939296,0.20596607863148161,0.07778240631342966,1.8664138463377937,113.0
"Deonar, Mumbai - IITM",2026-04-21 17:00:00,1.387371339555355,-0.1304728440244092,-0.8109623529108919,0.3633243870737918,0.9512354753287127,-0.11382647988055844,-1.2515260090876106,150.0
"Deopur, Dhule - MPCB",2026-04-21 17:00:00,-1.1491888869170925,-1.2394920182318871,-0.4993083749005523,-0.6370593552896231,0.12539641412367283,0.1256846278619267,-0.21221272394580915,109.0
"Dhankawadi, Pune - IITM",2026-04-21 17:00:00,-0.754612851688045,-0.1304728440244092,-0.08376973755343281,0.10681573518573667,-0.21702466003451443,-0.2096309229775525,-0.29215989972594775,92.0
"Dhanmandi, Kota - RSPCB",2026-04-21 17:00:00,0.034539218770049694,1.5330559172868077,1.3186731634930955,0.825039960472291,0.08511158186976846,-0.7126042492367712,0.2674703307350223,107.0
"Dhoinda, Rajsamand - RSPCB",2026-04-21 17:00:00,-1.0928208818843714,0.7012915366311993,-0.6031930342373322,0.49157871301781936,-1.1637182180012675,-1.359284240141481,-0.3721070755060863,72.0
"Digari Kalan, Jodhpur - RSPCB",2026-04-21 17:00:00,2.74020346034066,-0.6849824311281482,-0.18765439689021268,0.8506908256610964,-0.015600498764992508,-1.023968689302002,-0.9317373059670563,102.0
"District Court, Eluru - APPCB",2026-04-21 17:00:00,0.034539218770049694,-1.2394920182318871,-0.759020023242502,0.029863139619320137,-1.022721305112602,-0.37728869839729207,-0.4520542512862249,58.0
"Divisional Forest Office, Rairangpur - OSPCB",2026-04-21 17:00:00,-0.3036688114262766,-1.2394920182318871,-0.8109623529108919,-0.3548998382127625,-0.8212971438430802,-0.7605064707852683,-0.6918957786266406,62.0
"Diwator Nagar, Koppal - KSPCB",2026-04-21 17:00:00,-0.19093280136083451,0.7012915366311993,0.17594191078851687,-0.22664551226873497,-1.3449999631438372,-0.3054353660745466,-0.29215989972594775,61.0
"Dnyaneshwar Nagar, Solapur - MPCB",2026-04-21 17:00:00,-0.8673488617534871,3.7510942657017634,0.3317688997936867,0.08116486999693116,-0.6400153987005105,-0.35333758762304357,-1.0116844817471948,71.0
"Doon University, Dehradun - UKPCB",2026-04-21 17:00:00,-1.3746609070479767,-0.1304728440244092,-1.2784433199264014,0.029863139619320137,-1.3047151308899327,-0.7126042492367712,-0.8517901301869177,54.0
"Dr. Karni Singh Shooting Range, Delhi - DPCC",2026-04-21 17:00:00,0.6545872741299813,0.7012915366311993,1.838096460176995,0.49157871301781936,1.817359368787657,1.2513868342516068,0.907047736976131,193.0
"Dwarka-Sector 8, Delhi - DPCC ",2026-04-21 17:00:00,1.1055313143917498,-0.40772763757627867,-0.23959672655860262,-0.07274032113590191,2.522343933230984,1.586702385091086,1.1468892643165467,228.0
"ECIL Kapra, Hyderabad - TSPCB",2026-04-21 17:00:00,-0.5855088365898818,-0.1304728440244092,-0.03182740788504288,-0.4575032989679846,-0.3177367406692754,-0.35333758762304357,0.3474175065151609,87.0
"Eco Herbal Park, Moradabad - UPPCB",2026-04-21 17:00:00,0.09090722380277075,-0.1304728440244092,0.2798265701252967,1.0558977471715405,0.5483871527896689,0.31729351405591477,0.18752315495488373,130.0
"Employment Office, Moradabad - UPPCB",2026-04-21 17:00:00,0.6545872741299813,-0.40772763757627867,-0.5512507045689422,-0.6114084901008177,0.3469629915201469,-0.2096309229775525,1.2268364400966851,120.0
"Evelyn Lodge, Asansol - WBPCB",2026-04-21 17:00:00,-0.41640482149171876,-0.40772763757627867,-0.3434813858953825,0.3376735218849863,-0.5594457341927017,-0.7605064707852683,3.4653573619405655,75.0
"F-Block, Sirsa - HSPCB",2026-04-21 17:00:00,1.6692113647189601,2.0875655043905468,-0.4473660452321624,1.4150098598148177,-0.8817243922239367,-0.8323598031080138,-0.13226554816567057,108.0
"FTI Kidwai Nagar, Kanpur - UPPCB",2026-04-21 17:00:00,0.034539218770049694,-0.6849824311281482,0.020114921783347058,-1.0987749286881223,-0.3177367406692754,0.07778240631342966,-0.052318372385532,87.0
"Ferro Chrome Colony, Byasanagar - OSPCB",2026-04-21 17:00:00,3.4166195207333128,-0.9622372246800176,-0.9148470122476718,3.364475614164036,-0.7407274793352714,-0.6407509169140257,-0.13226554816567057,194.0
"Fertilizer Township, Rourkela - OSPCB",2026-04-21 17:00:00,-0.19093280136083451,-0.1304728440244092,-0.23959672655860262,-0.22664551226873497,-0.21702466003451443,0.2933424032816663,-0.29215989972594775,92.0
"Forest Office, Barbil - OSPCB",2026-04-21 17:00:00,-0.5291408315571609,-0.9622372246800176,-0.3434813858953825,2.9797126363319535,0.30667815926624253,0.5328535110241515,0.3474175065151609,169.0
"Forest Rest House, Manguraha - BSPCB",2026-04-21 17:00:00,0.034539218770049694,-1.2394920182318871,-1.1226163309212316,-1.0987749286881223,-0.21702466003451443,-0.3054353660745466,0.02762880339460658,92.0
"Fort William, Kolkata - WBPCB",2026-04-21 17:00:00,-0.5855088365898818,0.9785463301830687,-0.18765439689021268,-0.7653136812336507,-1.2845727147629806,-0.8802620246565108,-0.8517901301869177,39.0
"GIDC, Ankleshwar - GPCB",2026-04-21 17:00:00,0.5418512640645392,0.1467819495274603,0.12399958112012693,-0.5088050293455956,-0.21702466003451443,-0.3054353660745466,0.7471533854158537,92.0
"GIDC, Nandesari - Nandesari Ind. Association",2026-04-21 17:00:00,-0.5855088365898818,-0.1304728440244092,3.1366547018867434,-0.22664551226873497,0.24625091088538598,1.586702385091086,-0.8517901301869177,140.0
"GIFT City, Gandhinagar - IITM",2026-04-21 17:00:00,-0.4727728265244398,0.42403674307932976,0.2798265701252967,-0.12404205151351293,1.495080710756422,-0.4251909199457891,-0.3721070755060863,177.0
"GM Office, Brajrajnagar - OSPCB",2026-04-21 17:00:00,0.09090722380277075,0.1467819495274603,-0.6551353639057221,0.28637179150737524,-0.7810123115891758,-0.5928486953655288,0.2674703307350223,64.0
"GVM Corporation, Visakhapatnam - APPCB",2026-04-21 17:00:00,-0.8109808567207661,-0.6849824311281482,1.4745001524982653,-0.9192188723664838,0.3469629915201469,-0.8084086923337653,2.8257799556994567,120.0
"Gandak Colony, Motihari - BSPCB",2026-04-21 17:00:00,-0.8673488617534871,-0.6849824311281482,-1.1745586605896214,-1.2013783894433443,0.22610849475843378,1.395093498897098,-1.0916316575273335,132.0
"Ganga Nagar, Meerut - UPPCB",2026-04-21 17:00:00,0.8236912892281444,0.42403674307932976,3.500251009565473,-1.0987749286881223,1.9784986978032744,-0.11382647988055844,1.7864666705576553,201.0
"Gangapur Road, Nashik - MPCB",2026-04-21 17:00:00,-0.3036688114262766,-0.6849824311281482,-1.1226163309212316,-0.3035981078351515,-0.35802157292317977,0.07778240631342966,-0.8517901301869177,85.0
"Gangineni Cheruvu, Chittoor - APPCB",2026-04-21 17:00:00,-0.754612851688045,-0.1304728440244092,0.17594191078851687,-0.43185243377917903,-0.9824364728586977,-0.4251909199457891,-0.5320014270663634,56.0
"Gavalinagar, Pimpri Chinchwad - MPCB",2026-04-21 17:00:00,-0.9237168667862082,-0.40772763757627867,0.2798265701252967,0.029863139619320137,-0.19688224390756223,-0.35333758762304357,-1.1715788333074721,93.0
"General Hospital, Mandikhera(Nuh) - HSPCB",2026-04-21 17:00:00,-0.13456479632811347,1.2558011237349382,-0.23959672655860262,-0.6370593552896231,-0.9622940567317455,-0.6407509169140257,1.3867307916569624,55.0
"Ghatkopar, Mumbai - BMC",2026-04-21 17:00:00,-1.0364528768516503,0.9785463301830687,-0.6031930342373322,-0.22664551226873497,-0.09617016327280127,0.07778240631342966,-1.0116844817471948,98.0
"Ghusuri, Howrah - WBPCB",2026-04-21 17:00:00,2.74020346034066,-0.9622372246800176,-0.7070776935741121,-0.8166154116112617,-0.6400153987005105,-0.49704425226853466,-0.29215989972594775,80.0
"Girls College, Sivasagar - PCBA",2026-04-21 17:00:00,-0.8109808567207661,0.1467819495274603,0.020114921783347058,-0.021438590758290885,-1.4658544599055503,-1.263479797044487,-0.6918957786266406,52.0
"Gobind Pura, Yamuna Nagar - HSPCB",2026-04-21 17:00:00,-0.02182878626267136,-0.6849824311281482,-0.29153905622699255,-0.5088050293455956,0.7900961463130951,2.3531379298670383,-0.13226554816567057,172.0
"Gokul Nagar, Bhiwandi - MPCB",2026-04-21 17:00:00,-0.8673488617534871,0.1467819495274603,-0.3434813858953825,0.31202265669618073,-0.277451908415371,-0.13777759065480696,-0.6918957786266406,89.0
"Golden Temple, Amritsar - PPCB",2026-04-21 17:00:00,-0.13456479632811347,1.2558011237349382,3.500251009565473,-0.09839118632470742,-0.3378791567962276,-0.35333758762304357,-0.052318372385532,128.0
"Gole Bazar, Katni - MPPCB",2026-04-21 17:00:00,-0.641876841622603,-0.1304728440244092,0.12399958112012693,1.0558977471715405,0.12539641412367283,-0.13777759065480696,3.4653573619405655,109.0
"Gomti Nagar, Lucknow - UPPCB",2026-04-21 17:00:00,0.7673232841954234,-0.1304728440244092,-0.8109623529108919,-0.021438590758290885,-0.277451908415371,0.3651957356044118,-0.3721070755060863,89.0
"Govindh Bhavan Colony, Jabalpur - JMC",2026-04-21 17:00:00,-0.9237168667862082,-0.9622372246800176,-0.8109623529108919,-0.021438590758290885,-1.0831485534934586,-0.49704425226853466,-1.1715788333074721,53.0
"Govindpuram, Ghaziabad - UPPCB",2026-04-21 17:00:00,0.20364323386821284,0.7012915366311993,0.2278842404569068,3.1079669622759813,1.3540837978677565,3.1914268069657363,1.3067836158768238,224.0
"Govt. Girls Inter College, Kashipur - UKPCB",2026-04-21 17:00:00,-0.9237168667862082,-0.9622372246800176,-0.9667893419160617,-0.22664551226873497,-0.21702466003451443,-0.3054353660745466,-0.29215989972594775,92.0
"Govt. High School Shikarpur, Patna - BSPCB",2026-04-21 17:00:00,0.2600112389009339,-0.1304728440244092,-0.3954237155637724,0.5685313085842358,2.0792107784380356,3.1914268069657363,-0.611948602846502,295.0
"Gulzarpet, Anantapur - APPCB",2026-04-21 17:00:00,-0.19093280136083451,-0.40772763757627867,-0.18765439689021268,-0.12404205151351293,-0.7608698954622236,-0.233582033751801,-0.611948602846502,65.0
"Gupteshwar, Jabalpur - JMC",2026-04-21 17:00:00,-0.19093280136083451,-0.9622372246800176,-0.9667893419160617,-0.3035981078351515,-0.37816398905013193,-0.47309314149428616,-0.4520542512862249,84.0
"Gurdeo Nagar, Aurangabad - BSPCB",2026-04-21 17:00:00,3.9802995710605233,-0.9622372246800176,-0.9667893419160617,0.1837683307521532,-1.123433385747363,-0.8802620246565108,-0.4520542512862249,102.0
"Gyaspur, Ahmedabad - IITM",2026-04-21 17:00:00,-1.656500932211582,1.5330559172868077,0.7992498668091961,-0.40620156859037354,0.40739023990100354,-0.233582033751801,3.4653573619405655,123.0
"H.B. Colony, Bhiwani - HSPCB",2026-04-21 17:00:00,-1.3746609070479767,1.2558011237349382,-0.9148470122476718,-1.22702925463215,-1.5061392921594547,-0.9760664677535049,-0.6918957786266406,33.0
"HB Colony, Vijayawada - APPCB",2026-04-21 17:00:00,0.1472752288354918,-0.40772763757627867,-0.29153905622699255,-0.25229637745754047,-0.7407274793352714,-0.018022036783564392,-0.21221272394580915,73.0
"HIMUDA Complex Phase-1, Baddi - HPPCB",2026-04-21 17:00:00,0.42911525399909706,-0.6849824311281482,0.020114921783347058,2.5692987933110656,2.4014894364692707,2.664502369932269,0.507311858075438,222.0
"Hadapsar, Pune - IITM",2026-04-21 17:00:00,1.9510513898825652,-0.1304728440244092,0.7473075371408061,0.6711347693394579,-0.4184488213040363,0.1735868494104237,-0.29215989972594775,82.0
"Hakimapada, Angul - OSPCB",2026-04-21 17:00:00,0.8236912892281444,-0.9622372246800176,-0.6031930342373322,3.364475614164036,-0.5594457341927017,-0.08987536910630993,0.02762880339460658,301.0
"Hardev Nagar, Bathinda - PPCB",2026-04-21 17:00:00,2.401995430144334,-0.1304728440244092,-0.3954237155637724,-0.22664551226873497,1.0116627237095692,-0.4012398091715406,-0.5320014270663634,153.0
"Hathkhoj, Bhilai - CECB",2026-04-21 17:00:00,-0.9237168667862082,-0.1304728440244092,0.2278842404569068,-0.9192188723664838,-1.0831485534934586,-1.0000175785277534,0.18752315495488373,49.0
"Hebbal 1st Stage, Mysuru - KSPCB",2026-04-21 17:00:00,-0.754612851688045,-0.40772763757627867,-0.3954237155637724,1.3893589946260123,-0.700442647081367,-1.071870910850499,-1.0916316575273335,107.0
"Hebbal, Bengaluru - KSPCB",2026-04-21 17:00:00,-0.9237168667862082,-0.6849824311281482,1.5264424821666551,3.364475614164036,-0.2573094922884188,-0.35333758762304357,-0.5320014270663634,186.0
"Hirawadi, Nashik - MPCB",2026-04-21 17:00:00,-0.754612851688045,-0.6849824311281482,-0.9148470122476718,0.2094191959409587,-0.35802157292317977,-0.4491420307200376,0.42736468229529945,85.0
"Hombegowda Nagar, Bengaluru - KSPCB",2026-04-21 17:00:00,-0.9800848718189292,-0.6849824311281482,-0.08376973755343281,1.5176133205700397,-0.3378791567962276,-0.08987536910630993,-0.4520542512862249,112.0
"Housing Board, Hanumangarh - RSPCB",2026-04-21 17:00:00,-0.9237168667862082,0.1467819495274603,-0.13571206722182275,1.0815486123603462,0.669241649551382,1.2274357234773583,-0.5320014270663634,136.0
"ICRISAT Patancheru, Hyderabad - TSPCB",2026-04-21 17:00:00,0.4854832590318181,-0.6849824311281482,-0.8629046825792819,0.4402769826402083,-0.4587336535579407,-0.5449464738170317,0.02762880339460658,80.0
"IDA Pashamylaram, Hyderabad - TSPCB",2026-04-21 17:00:00,0.4854832590318181,-1.2394920182318871,-1.0187316715844517,-0.8679171419888727,-1.0428637212395542,-0.0419731475578129,-0.052318372385532,72.0
"IESD Banaras Hindu University, Varanasi - UPPCB",2026-04-21 17:00:00,-1.5437649221461398,-1.2394920182318871,-1.2784433199264014,-1.2013783894433443,-0.3177367406692754,-0.3054353660745466,0.6672062096357152,87.0
"IGI Airport (T3), Delhi - IMD",2026-04-21 17:00:00,-0.13456479632811347,-0.1304728440244092,0.48759588879885646,0.23507006112976422,1.2735141333599478,0.6286579541211454,-0.29215989972594775,166.0
"IGNOU_Maidan Garhi, Delhi - DPCC",2026-04-21 17:00:00,0.31637924393365496,-0.6849824311281482,1.1109038448195356,1.6202167813252617,1.2332293011060433,1.1316312803803643,-0.13226554816567057,164.0
"IGSC Planetarium Complex, Patna - BSPCB",2026-04-21 17:00:00,-0.24730080639355556,-0.1304728440244092,-1.2784433199264014,0.1837683307521532,-0.21702466003451443,2.281284597544293,-0.611948602846502,169.0
"IHBAS, Dilshad Garden, Delhi - CPCB",2026-04-21 17:00:00,-1.0364528768516503,-0.1304728440244092,1.838096460176995,0.28637179150737524,1.1123748043443302,2.1615290436730503,-0.29215989972594775,164.0
"IIPHG Lekawada, Gandhinagar - IITM",2026-04-21 17:00:00,-0.641876841622603,-1.2394920182318871,-0.6551353639057221,-0.8679171419888727,-0.19688224390756223,-0.7126042492367712,-0.7718429544067792,93.0
"IIT Delhi, Delhi - IITM",2026-04-21 17:00:00,-0.5291408315571609,-0.1304728440244092,1.630327141503435,-0.0470894559470964,1.192944468852139,-0.3054353660745466,-0.29215989972594775,162.0
"IITG, Guwahati - PCBA",2026-04-21 17:00:00,-1.4310289120806976,-0.1304728440244092,-1.3303856495947912,-0.8679171419888727,-1.4054272115246937,-0.9281642462050079,1.4666779674371009,35.0
"IITH Kandi, Hyderabad - TSPCB",2026-04-21 17:00:00,-0.07819679129539242,-0.40772763757627867,-0.6551353639057221,-0.5088050293455956,-0.3177367406692754,-1.0958220216247474,-0.3721070755060863,87.0
"ITO, Delhi - CPCB",2026-04-21 17:00:00,0.2600112389009339,-0.40772763757627867,1.1628461744879257,0.4402769826402083,0.6289568172974777,0.46100017870140586,0.9869949127562695,134.0
"Ibrahimpur, Vijayapura - KSPCB",2026-04-21 17:00:00,-0.07819679129539242,-0.40772763757627867,-0.8109623529108919,-0.9448697375552892,-1.2845727147629806,-1.0479198000762504,-1.0916316575273335,39.0
"Idgah Hills, Bhopal - MPPCB",2026-04-21 17:00:00,1.8383153798171232,-0.1304728440244092,0.5395382184672464,-0.25229637745754047,0.14553883025062503,-0.25753314452604953,-0.611948602846502,110.0
"Indira Colony Vistar, Pali - RSPCB",2026-04-21 17:00:00,-0.19093280136083451,-0.6849824311281482,-0.6031930342373322,-0.07274032113590191,0.20596607863148161,0.22148907095892073,-0.8517901301869177,113.0
"Indirapuram, Ghaziabad - UPPCB",2026-04-21 17:00:00,-0.19093280136083451,0.9785463301830687,0.072057251451737,0.1324666003745422,1.5756503752642306,0.9879246157348732,1.066942088536408,181.0
"Indra Nagar, Jhunjhunu - RSPCB",2026-04-21 17:00:00,-1.3746609070479767,0.7012915366311993,-0.23959672655860262,1.3637081294372067,0.28653574313929037,-0.37728869839729207,-0.7718429544067792,117.0
"Industrial Area, Hajipur - BSPCB",2026-04-21 17:00:00,-0.3036688114262766,1.2558011237349382,-0.6031930342373322,2.7488548496327043,2.663340846119649,3.1914268069657363,-0.9317373059670563,250.0
"JN Stadium, Shillong - Meghalaya PCB",2026-04-21 17:00:00,-0.9800848718189292,-0.1304728440244092,0.3317688997936867,-1.1757275242545389,-0.21702466003451443,-0.3054353660745466,1.3867307916569624,92.0
"JNU, Delhi - DPCC",2026-04-21 17:00:00,-0.41640482149171876,-0.9622372246800176,0.2278842404569068,0.5172295782066249,1.1123748043443302,1.2274357234773583,-0.29215989972594775,158.0
"Jadavpur, Kolkata - WBPCB",2026-04-21 17:00:00,-0.5291408315571609,1.5330559172868077,-0.8629046825792819,-0.38055070340156805,-1.0630061373665065,-0.5449464738170317,-1.0116844817471948,51.0
"Jagamohanpur, Keonjhar - OSPCB",2026-04-21 17:00:00,-0.19093280136083451,-0.6849824311281482,-0.7070776935741121,-0.25229637745754047,-0.5191609019387973,-0.49704425226853466,-0.6918957786266406,77.0
"Jahangirpuri, Delhi - DPCC",2026-04-21 17:00:00,-0.07819679129539242,3.7510942657017634,2.669173734871234,0.1837683307521532,2.643198429992697,2.8321601453520087,3.0656214830398723,234.0
"Jai Bhim Nagar, Meerut - UPPCB",2026-04-21 17:00:00,-0.13456479632811347,0.1467819495274603,-0.13571206722182275,1.4919624553812343,2.4014894364692707,-0.37728869839729207,-0.6918957786266406,222.0
"Jawahar Nagar, Puducherry - PPCC",2026-04-21 17:00:00,-0.754612851688045,-0.6849824311281482,-0.8109623529108919,-0.17534378189112396,-1.64713620504812,-1.4311375724642268,-0.7718429544067792,46.0
"Jawaharlal Nehru Stadium, Delhi - DPCC",2026-04-21 17:00:00,-0.5291408315571609,1.5330559172868077,2.565289075534454,0.4402769826402083,1.495080710756422,0.700511286443891,0.6672062096357152,177.0
"Jayanagar 5th Block, Bengaluru - KSPCB",2026-04-21 17:00:00,-0.5291408315571609,-0.1304728440244092,-0.3434813858953825,0.1324666003745422,-0.0357429148919447,0.029880184764932635,0.7471533854158537,101.0
"Jhalamand, Jodhpur - RSPCB",2026-04-21 17:00:00,-1.2619248969825345,0.1467819495274603,-0.8629046825792819,1.2611046686819847,-0.5393033180657495,-1.023968689302002,-0.8517901301869177,102.0
"Jhunsi, Prayagraj - UPPCB",2026-04-21 17:00:00,-0.9800848718189292,0.1467819495274603,-1.0706740012528415,0.4146261174514028,-0.4184488213040363,-0.6407509169140257,1.3867307916569624,82.0
"Jigani, Bengaluru - KSPCB",2026-04-21 17:00:00,-0.19093280136083451,-0.6849824311281482,-0.4473660452321624,-0.6370593552896231,-0.23716707616146662,-0.4251909199457891,0.10757597917474515,91.0
"Jigar Colony, Moradabad - UPPCB",2026-04-21 17:00:00,0.6545872741299813,0.1467819495274603,-0.18765439689021268,-0.5344558945344011,0.08511158186976846,-0.5449464738170317,-0.29215989972594775,107.0
"Kadri, Mangalore - KSPCB",2026-04-21 17:00:00,-0.19093280136083451,-0.9622372246800176,-0.9667893419160617,-0.9961714679329003,-1.224145466382124,-0.6886531384625227,-0.29215989972594775,45.0
"Kalabhavan, Dharwad - KSPCB",2026-04-21 17:00:00,1.443739344588076,0.42403674307932976,0.072057251451737,-0.329248973023957,-0.23716707616146662,0.31729351405591477,-0.7718429544067792,91.0
"Kalal Majra, Khanna - PPCB",2026-04-21 17:00:00,-0.07819679129539242,0.42403674307932976,0.072057251451737,-0.329248973023957,-0.8615819760969845,-0.5688975845912801,0.507311858075438,60.0
"Kalidaspur, Balasore - OSPCB",2026-04-21 17:00:00,1.0491633093590287,-0.1304728440244092,-0.8109623529108919,1.9023762984021222,-0.6601578148274626,-0.7126042492367712,-0.13226554816567057,127.0
"Kalindi Kunj, Khurja - UPPCB",2026-04-21 17:00:00,1.1618993194244707,-1.2394920182318871,-0.759020023242502,-0.9705206027440948,0.7296688979322385,0.2693912925074178,-0.5320014270663634,139.0
"Kalu Nagar, Dombivli - MPCB",2026-04-21 17:00:00,-0.5855088365898818,-0.9622372246800176,0.020114921783347058,-0.5857576249120121,-0.8817243922239367,-0.9281642462050079,-0.6918957786266406,59.0
"Kalyana Nagara, Chikkamagaluru - KSPCB",2026-04-21 17:00:00,-0.698244846655324,-0.9622372246800176,-0.29153905622699255,-0.6114084901008177,-0.21702466003451443,-0.3054353660745466,-0.29215989972594775,92.0
"Kamalnath Nagar, Bettiah - BSPCB",2026-04-21 17:00:00,-0.24730080639355556,-1.2394920182318871,-0.9667893419160617,-0.8166154116112617,-1.2845727147629806,-0.9760664677535049,0.42736468229529945,39.0
"Kamble Tarf Birwadi, Mahad - MPCB",2026-04-21 17:00:00,0.7109552791627023,-0.1304728440244092,-0.6031930342373322,0.029863139619320137,0.004541917361959685,-0.3054353660745466,2.1062553736782097,103.0
"Kanuru, Vijayawada - APPCB",2026-04-21 17:00:00,0.8236912892281444,-0.1304728440244092,-0.23959672655860262,0.004212274430514627,-0.21702466003451443,-0.3054353660745466,-0.29215989972594775,92.0
"Kareemganj, Gaya - BSPCB",2026-04-21 17:00:00,-1.4310289120806976,-0.9622372246800176,-0.759020023242502,0.7737382300946799,1.4749382946294696,1.0118757265091216,1.9463610221179324,176.0
"Kariavattom, Thiruvananthapuram - Kerala PCB",2026-04-21 17:00:00,1.500107349620797,-0.1304728440244092,-0.23959672655860262,-0.5601067597232066,-0.21702466003451443,-0.3054353660745466,-0.29215989972594775,92.0
"Karni Colony, Nagaur - RSPCB",2026-04-21 17:00:00,-1.0928208818843714,0.9785463301830687,-0.23959672655860262,0.7737382300946799,0.20596607863148161,-0.7605064707852683,-0.8517901301869177,113.0
"Kasarvadavali, Thane - MPCB",2026-04-21 17:00:00,-0.8673488617534871,-0.1304728440244092,-0.23959672655860262,-0.3035981078351515,-0.21702466003451443,-0.3054353660745466,-0.29215989972594775,92.0
"Kashiram Nagar, Moradabad - UPPCB",2026-04-21 17:00:00,-0.698244846655324,-0.40772763757627867,-0.08376973755343281,0.5172295782066249,-0.23716707616146662,-0.7605064707852683,-0.29215989972594775,91.0
"Katargam, Surat - Nexteng Enviro",2026-04-21 17:00:00,0.4854832590318181,-1.2394920182318871,-0.4993083749005523,-1.0474731983105112,-0.4990184858118451,-0.4491420307200376,-0.4520542512862249,78.0
"Katrap, Badlapur - MPCB",2026-04-21 17:00:00,0.09090722380277075,0.1467819495274603,-0.29153905622699255,0.28637179150737524,-0.2573094922884188,-0.49704425226853466,-0.6918957786266406,90.0
"Kendriya Vidyalaya, Lucknow - CPCB",2026-04-21 17:00:00,0.20364323386821284,2.0875655043905468,0.2278842404569068,-0.43185243377917903,0.769953730186143,1.2274357234773583,-0.29215989972594775,141.0
"Khadakpada, Kalyan - MPCB",2026-04-21 17:00:00,-0.19093280136083451,-1.2394920182318871,0.48759588879885646,-1.1500766590657334,0.769953730186143,1.8741157143820681,-0.29215989972594775,152.0
"Khaira, Boisar - MPCB",2026-04-21 17:00:00,0.034539218770049694,-0.6849824311281482,-0.3954237155637724,-0.5601067597232066,-0.901866808350889,-0.5928486953655288,0.2674703307350223,58.0
"Kharahiya Basti, Araria - BSPCB",2026-04-21 17:00:00,-1.0364528768516503,0.1467819495274603,-0.6551353639057221,-1.0987749286881223,-0.15659741165365784,-0.5928486953655288,2.5059912525789025,95.0
"Khatikan Mohalla, Dausa - RSPCB",2026-04-21 17:00:00,0.2600112389009339,1.5330559172868077,1.2667308338247056,1.3380572642484012,-0.13645499552670565,-0.4251909199457891,-0.6918957786266406,105.0
"Kherwadi_Bandra East, Mumbai - MPCB",2026-04-21 17:00:00,-0.07819679129539242,2.364820297942416,-0.8109623529108919,-0.43185243377917903,-0.4587336535579407,-0.5449464738170317,-1.0116844817471948,80.0
"Khindipada-Bhandup West, Mumbai - IITM",2026-04-21 17:00:00,-0.5855088365898818,-0.1304728440244092,-0.29153905622699255,0.23507006112976422,-0.3378791567962276,-0.6407509169140257,-0.5320014270663634,86.0
"Khrew, Pampore - JKPCC",2026-04-21 17:00:00,-0.19093280136083451,-0.1304728440244092,-0.4473660452321624,-0.22664551226873497,-0.47887606968489294,0.07778240631342966,-1.0116844817471948,79.0
"Khunmoh, Srinagar - JKPCC",2026-04-21 17:00:00,-0.19093280136083451,-0.1304728440244092,-0.29153905622699255,-0.22664551226873497,-0.21702466003451443,-0.7365553600110198,-1.0116844817471948,92.0
"Knowledge Park - III, Greater Noida - UPPCB",2026-04-21 17:00:00,-0.4727728265244398,0.7012915366311993,1.5783848118350452,1.6715185117028726,1.4749382946294696,-0.13777759065480696,0.10757597917474515,176.0
"Knowledge Park - V, Greater Noida - UPPCB",2026-04-21 17:00:00,-0.24730080639355556,0.7012915366311993,1.4745001524982653,3.1336178274647866,3.066189168658693,0.796315729540885,0.907047736976131,255.0
"Kodungaiyur, Chennai - TNPCB",2026-04-21 17:00:00,-0.13456479632811347,-0.40772763757627867,-0.6551353639057221,-0.5601067597232066,-0.6400153987005105,-1.0479198000762504,-0.8517901301869177,71.0
"Kokapet, Hyderabad - TSPCB",2026-04-21 17:00:00,0.09090722380277075,-0.9622372246800176,-0.6031930342373322,-0.4575032989679846,-0.2975943245423232,-0.281484255300298,-0.052318372385532,88.0
"Kompally Municipal Office, Hyderabad - TSPCB",2026-04-21 17:00:00,-0.641876841622603,-0.6849824311281482,-0.6031930342373322,-0.7909645464224562,-0.47887606968489294,-0.6167998061397773,-0.611948602846502,79.0
"Kopripada-Vashi, Navi Mumbai - MPCB",2026-04-21 17:00:00,1.0491633093590287,0.42403674307932976,-0.4473660452321624,-0.5857576249120121,-0.0357429148919447,0.700511286443891,-1.0916316575273335,103.0
"Koyana Nagar, Satara - MPCB",2026-04-21 17:00:00,-0.36003681645899765,0.42403674307932976,-0.23959672655860262,3.364475614164036,-0.8817243922239367,-0.6167998061397773,-1.1715788333074721,187.0
"Krishak Nagar, Raipur - CECB",2026-04-21 17:00:00,-1.0364528768516503,-0.1304728440244092,-0.23959672655860262,-0.6370593552896231,-0.21702466003451443,-0.3054353660745466,-0.29215989972594775,92.0
"Krishna Nagar, Bharatpur - RSPCB",2026-04-21 17:00:00,-0.5855088365898818,0.7012915366311993,-0.13571206722182275,2.5949496584998712,0.004541917361959685,-1.0479198000762504,-0.4520542512862249,154.0
"Kukrail Picnic Spot-1, Lucknow - UPPCB",2026-04-21 17:00:00,-0.8109808567207661,0.1467819495274603,0.2798265701252967,-0.5601067597232066,0.32682057539319476,-0.35333758762304357,0.507311858075438,119.0
"Kurla, Mumbai - MPCB",2026-04-21 17:00:00,-0.24730080639355556,-0.1304728440244092,-0.23959672655860262,-0.6114084901008177,-0.21702466003451443,-0.3054353660745466,-0.29215989972594775,92.0
"LGBI Airport, Guwahati - PCBA",2026-04-21 17:00:00,0.42911525399909706,-0.1304728440244092,-0.5512507045689422,-1.0987749286881223,-1.4457120437785982,-0.9042131354307594,-0.3721070755060863,39.0
"Lalbagh, Lucknow - CPCB",2026-04-21 17:00:00,1.500107349620797,2.6420750914942857,0.6953652074724163,0.10681573518573667,0.5081023205357644,2.2094312652215473,-0.6918957786266406,166.0
"Lingaraj Nagar, Hubballi - KSPCB",2026-04-21 17:00:00,-0.641876841622603,-1.2394920182318871,-0.9667893419160617,-0.6114084901008177,-0.9622940567317455,-0.8323598031080138,-1.1715788333074721,55.0
"Lingraj Mandir, Bhubaneswar - OSPCB",2026-04-21 17:00:00,0.2600112389009339,-0.1304728440244092,-0.8109623529108919,-0.07274032113590191,-1.0630061373665065,-0.8563109138822623,-1.0116844817471948,50.0
"Lodhi Road, Delhi - IMD",2026-04-21 17:00:00,-0.8673488617534871,-0.1304728440244092,-0.03182740788504288,1.5945659161364563,0.8102385624400473,0.31729351405591477,-0.29215989972594775,143.0
"Lohiyanagar, Begusarai - BSPCB",2026-04-21 17:00:00,-0.754612851688045,-0.40772763757627867,-0.7070776935741121,-0.22664551226873497,-0.015600498764992508,1.442995720445595,1.7864666705576553,134.0
"Loni, Ghaziabad - UPPCB",2026-04-21 17:00:00,-0.02182878626267136,-0.6849824311281482,0.5395382184672464,1.2098029383043736,3.3683254105629756,2.7363557022550147,1.066942088536408,333.0
"Lumpyngngad, Shillong - Meghalaya PCB",2026-04-21 17:00:00,-1.3182929020152556,-0.1304728440244092,-0.23959672655860262,0.2094191959409587,-0.21702466003451443,-1.21557757549599,-0.5320014270663634,92.0
"MD University, Rohtak - HSPCB",2026-04-21 17:00:00,0.20364323386821284,-0.1304728440244092,-0.759020023242502,-0.3548998382127625,0.32682057539319476,3.1914268069657363,-0.3721070755060863,241.0
"MIDC Ambad, Nashik - MPCB",2026-04-21 17:00:00,0.1472752288354918,-0.6849824311281482,-0.759020023242502,0.08116486999693116,-0.4587336535579407,-0.18567981220330398,0.6672062096357152,80.0
"MIDC Khutala, Chandrapur - MPCB",2026-04-21 17:00:00,0.372747248966376,-0.9622372246800176,-0.759020023242502,2.800156580010315,0.36710540764709915,-0.3054353660745466,-0.29215989972594775,162.0
"MIET College, Meerut - UPPCB",2026-04-21 17:00:00,0.5418512640645392,2.0875655043905468,0.48759588879885646,2.9797126363319535,1.9180714494224178,3.1914268069657363,1.2268364400966851,316.0
"MIT-Daudpur Kothi, Muzaffarpur - BSPCB",2026-04-21 17:00:00,0.20364323386821284,-0.40772763757627867,-1.1226163309212316,0.029863139619320137,-0.8212971438430802,-0.0419731475578129,-0.4520542512862249,72.0
"MM Ground, Bikaner - RSPCB",2026-04-21 17:00:00,-0.36003681645899765,-0.1304728440244092,-0.23959672655860262,1.6202167813252617,-0.21702466003451443,-0.3054353660745466,-0.29215989972594775,116.0
"Madan Mohan Malaviya University of Technology, Gorakhpur - UPPCB",2026-04-21 17:00:00,-1.4873969171134187,-1.2394920182318871,-0.8109623529108919,-1.2013783894433443,0.30667815926624253,0.8442179510893821,2.5059912525789025,118.0
"Maguda Nagar, Indore - IMC",2026-04-21 17:00:00,0.31637924393365496,-0.1304728440244092,-0.8629046825792819,-0.9448697375552892,-1.0428637212395542,-0.5449464738170317,0.507311858075438,51.0
"Mahabir Colliery, Asansol - WBPCB",2026-04-21 17:00:00,-1.1491888869170925,-1.2394920182318871,-0.8629046825792819,0.31202265669618073,-0.6400153987005105,-0.9521153569792564,-1.0116844817471948,71.0
"Mahal, Nagpur - MPCB",2026-04-21 17:00:00,0.372747248966376,2.0875655043905468,1.3706154931614853,-0.4831541641567901,0.024684333488911876,0.9639735049606246,3.3054630103802882,114.0
"Mahape, Navi Mumbai - MPCB",2026-04-21 17:00:00,-0.19093280136083451,-1.2394920182318871,1.6822694711718251,-1.0731240634993169,0.40739023990100354,0.22148907095892073,0.10757597917474515,123.0
"Maharaj Bada, Gwalior - MPPCB",2026-04-21 17:00:00,0.2600112389009339,-0.1304728440244092,0.48759588879885646,2.7232039844438987,0.04482674961586407,-0.8802620246565108,-0.29215989972594775,159.0
"Mahashweta Nagar, Ujjain - MPPCB",2026-04-21 17:00:00,-0.754612851688045,1.5330559172868077,0.9550768558143659,0.08116486999693116,-0.4990184858118451,-0.08987536910630993,-0.9317373059670563,78.0
"Mahatma Basaveswar Colony, Kalaburgi - KSPCB",2026-04-21 17:00:00,0.5418512640645392,-0.6849824311281482,-0.5512507045689422,-0.22664551226873497,-1.0831485534934586,-0.8802620246565108,-1.0116844817471948,49.0
"Mahesh Nagar, Malegaon - MPCB",2026-04-21 17:00:00,-0.698244846655324,-0.1304728440244092,-0.4993083749005523,0.6711347693394579,0.12539641412367283,0.1735868494104237,-0.29215989972594775,109.0
"Mahishkapur Road_B-Zone, Durgapur - WBPCB",2026-04-21 17:00:00,0.5418512640645392,-0.40772763757627867,-0.759020023242502,0.7480873649058745,-0.6400153987005105,-0.5209953630427832,-0.4520542512862249,82.0
"Major Dhyan Chand National Stadium, Delhi - DPCC",2026-04-21 17:00:00,0.7673232841954234,2.6420750914942857,2.2536350975241146,0.3633243870737918,0.8706658108209039,0.053831295539181145,0.3474175065151609,146.0
"Malad West, Mumbai - IITM",2026-04-21 17:00:00,0.5982192690972602,-0.40772763757627867,0.12399958112012693,-0.3548998382127625,-0.39830640517708416,-0.6407509169140257,-0.7718429544067792,83.0
"Maldahiya, Varanasi - UPPCB",2026-04-21 17:00:00,-0.641876841622603,-0.1304728440244092,-1.2265009902580115,-1.1500766590657334,0.024684333488911876,0.41309795715290887,1.5466251432172395,104.0
"Manali Village, Chennai - TNPCB",2026-04-21 17:00:00,0.8800592942608655,-0.9622372246800176,-1.0706740012528415,-0.5601067597232066,-1.4255696276516459,-1.3832353509157296,-0.21221272394580915,47.0
"Manali, Chennai - CPCB",2026-04-21 17:00:00,-1.1491888869170925,0.1467819495274603,-0.8629046825792819,-1.0474731983105112,-1.1637182180012675,-1.1916264647217416,-0.21221272394580915,45.0
"Mandir Marg, Delhi - DPCC",2026-04-21 17:00:00,1.1618993194244707,0.42403674307932976,1.4225578228298754,-0.17534378189112396,0.7900961463130951,1.9938712682533106,0.5872590338555767,157.0
"Mandor, Jodhpur - RSPCB",2026-04-21 17:00:00,-1.2055568919498134,-0.6849824311281482,-0.8629046825792819,1.2611046686819847,-0.0357429148919447,-0.9281642462050079,-0.8517901301869177,102.0
"Mangala, Bilaspur - NTPC",2026-04-21 17:00:00,-0.24730080639355556,-0.1304728440244092,0.072057251451737,-0.22664551226873497,-0.5191609019387973,0.22148907095892073,-0.21221272394580915,83.0
"Maninagar, Ahmedabad - GPCB",2026-04-21 17:00:00,-0.5291408315571609,-0.1304728440244092,3.0327700425499637,0.38897525226259727,-0.21702466003451443,0.31729351405591477,3.4653573619405655,92.0
"Manoharpur, Agra - UPPCB",2026-04-21 17:00:00,-0.641876841622603,1.8103107108386771,-0.3954237155637724,-1.22702925463215,1.0519475559634737,-0.5209953630427832,1.8664138463377937,155.0
"Mansarovar Sector-12, Jaipur - RSPCB",2026-04-21 17:00:00,-0.9237168667862082,-0.1304728440244092,-0.23959672655860262,1.0558977471715405,0.8908082269478561,-0.3054353660745466,-0.611948602846502,147.0
"Marhatal, Jabalpur - MPPCB",2026-04-21 17:00:00,1.8946833848498443,0.1467819495274603,0.7992498668091961,0.9019925560387075,0.10525399799672064,-0.6647020276882742,0.42736468229529945,108.0
"Mariam Nagar, Purnia - BSPCB",2026-04-21 17:00:00,1.5564753546535182,-0.9622372246800176,-1.0706740012528415,-0.6114084901008177,-0.8212971438430802,0.10173351708767818,0.02762880339460658,78.0
"Masoom Colony, Parbhani - MPCB",2026-04-21 17:00:00,-1.0928208818843714,-0.40772763757627867,-0.3434813858953825,-0.6114084901008177,0.28653574313929037,0.41309795715290887,0.10757597917474515,117.0
"Mavdi, Rajkot - Nexteng Enviro ",2026-04-21 17:00:00,3.3602515157005914,-1.2394920182318871,-0.8109623529108919,-1.0218223331217058,-0.599730566446606,-0.16172870142905546,0.18752315495488373,91.0
"Mayaganj, Bhagalpur - BSPCB",2026-04-21 17:00:00,2.909307475438823,0.42403674307932976,-1.0187316715844517,-0.7909645464224562,0.7498113140591908,2.8561112561262574,3.145568658820011,193.0
"Mazgaon, Mumbai - IITM",2026-04-21 17:00:00,1.8383153798171232,0.1467819495274603,0.6953652074724163,0.2094191959409587,-0.47887606968489294,-0.5928486953655288,-0.6918957786266406,79.0
"Meelavittan, Thoothukudi - TNPCB",2026-04-21 17:00:00,0.2600112389009339,-0.1304728440244092,-0.4993083749005523,-0.5344558945344011,-0.7810123115891758,-0.3054353660745466,-0.5320014270663634,64.0
"Meher Colony, Baripada - OSPCB",2026-04-21 17:00:00,-0.5855088365898818,-1.2394920182318871,-0.8109623529108919,0.10681573518573667,-0.37816398905013193,-0.2096309229775525,-0.611948602846502,84.0
"Mhada Colony, Pune - IITM",2026-04-21 17:00:00,1.7819473747844023,-0.1304728440244092,0.2798265701252967,0.3633243870737918,-0.35802157292317977,-0.6407509169140257,-0.29215989972594775,85.0
"Mindspace-Malad West, Mumbai - MPCB",2026-04-21 17:00:00,-1.0928208818843714,-0.9622372246800176,-0.759020023242502,-0.22664551226873497,-0.9622940567317455,-0.9521153569792564,-1.0916316575273335,55.0
"Mini Secretariat, Charkhi Dadri - HSPCB",2026-04-21 17:00:00,-0.9800848718189292,0.1467819495274603,-0.6031930342373322,-0.9448697375552892,1.1325172204712823,3.1914268069657363,-0.4520542512862249,251.0
"Mirchaibari, Katihar - BSPCB",2026-04-21 17:00:00,2.6274674502752178,-0.1304728440244092,-0.23959672655860262,-0.9192188723664838,-0.21702466003451443,-0.3054353660745466,-0.29215989972594775,92.0
"Model Town, Patiala - PPCB",2026-04-21 17:00:00,-0.9800848718189292,0.1467819495274603,-0.4473660452321624,-0.43185243377917903,0.08511158186976846,-0.47309314149428616,-0.3721070755060863,107.0
"More Chowk Waluj, Aurangabad - MPCB",2026-04-21 17:00:00,-1.5437649221461398,2.919329885046155,-0.4473660452321624,0.05551400480812565,-0.5393033180657495,0.2693912925074178,1.3867307916569624,85.0
"Moti Doongri, Alwar - RSPCB",2026-04-21 17:00:00,-0.19093280136083451,0.7012915366311993,0.903134526145976,-0.17534378189112396,0.024684333488911876,-0.3054353660745466,0.2674703307350223,104.0
"Motilal Nehru NIT, Prayagraj - UPPCB",2026-04-21 17:00:00,-1.0928208818843714,0.7012915366311993,-0.759020023242502,-0.5344558945344011,-0.277451908415371,-0.8802620246565108,0.907047736976131,89.0
"Mudtra Sili, Jalore - RSPCB",2026-04-21 17:00:00,-0.641876841622603,-0.40772763757627867,-0.6551353639057221,0.4659278478290138,-0.6400153987005105,-1.071870910850499,-0.9317373059670563,71.0
"Mulund West, Mumbai - MPCB",2026-04-21 17:00:00,-0.19093280136083451,-0.1304728440244092,0.9550768558143659,-0.22664551226873497,-0.21702466003451443,-1.263479797044487,-0.29215989972594775,92.0
"Mundka, Delhi - DPCC",2026-04-21 17:00:00,0.8800592942608655,0.1467819495274603,1.1109038448195356,0.6454839041506524,3.3683254105629756,2.9519156992232514,1.3867307916569624,276.0
"Municipal Corporation Office, Dharuhera -  HSPCB",2026-04-21 17:00:00,2.3456274251116125,3.7510942657017634,0.5914805481356363,0.004212274430514627,-0.0357429148919447,1.0837290588318673,-0.7718429544067792,119.0
"Muradpur, Patna - BSPCB",2026-04-21 17:00:00,-0.8109808567207661,-0.1304728440244092,-0.8109623529108919,-1.2013783894433443,2.038925946184131,3.1914268069657363,-0.611948602846502,221.0
"Murthal, Sonipat - HSPCB",2026-04-21 17:00:00,0.8800592942608655,3.7510942657017634,-0.759020023242502,-0.7653136812336507,0.4275326560279557,0.07778240631342966,-0.6918957786266406,124.0
"Muzaffarpur Collectorate, Muzaffarpur - BSPCB",2026-04-21 17:00:00,0.5418512640645392,-0.1304728440244092,-0.759020023242502,-0.9448697375552892,-0.21702466003451443,0.2933424032816663,-0.9317373059670563,92.0
"NISE Gwal Pahari, Gurugram - IMD",2026-04-21 17:00:00,0.8800592942608655,-0.1304728440244092,-0.3954237155637724,0.5685313085842358,1.8375017849146091,1.2274357234773583,-0.29215989972594775,194.0
"NSI Kalyanpur, Kanpur - UPPCB",2026-04-21 17:00:00,-1.0364528768516503,-0.9622372246800176,0.072057251451737,-0.9448697375552892,-0.0357429148919447,-0.35333758762304357,-0.13226554816567057,101.0
"NSIT Dwarka, Delhi - CPCB",2026-04-21 17:00:00,1.8946833848498443,2.6420750914942857,3.500251009565473,0.31202265669618073,1.192944468852139,0.8202668403151335,0.10757597917474515,162.0
"NSUT Jaffarpur, Delhi - DPCC",2026-04-21 17:00:00,0.8236912892281444,-0.1304728440244092,0.48759588879885646,3.364475614164036,1.495080710756422,2.3531379298670383,2.585938428359041,191.0
"Nacharam_TSIIC IALA, Hyderabad - TSPCB",2026-04-21 17:00:00,-0.5291408315571609,0.1467819495274603,-0.5512507045689422,-0.40620156859037354,-0.21702466003451443,-0.11382647988055844,-0.29215989972594775,92.0
"Nagar Nigam, Prayagraj - UPPCB",2026-04-21 17:00:00,-0.641876841622603,0.42403674307932976,-1.1226163309212316,-1.0474731983105112,-0.7608698954622236,-0.9760664677535049,1.8664138463377937,65.0
"Nagla Bhau, Firozabad - UPPCB",2026-04-21 17:00:00,0.7109552791627023,-0.9622372246800176,-0.4993083749005523,-0.8679171419888727,-0.4587336535579407,-0.4012398091715406,1.2268364400966851,80.0
"Naharlagun, Naharlagun - APSPCB",2026-04-21 17:00:00,-1.0928208818843714,-1.2394920182318871,-1.0187316715844517,-1.2013783894433443,-1.3449999631438372,-1.0000175785277534,-0.5320014270663634,36.0
"Najafgarh, Delhi - DPCC",2026-04-21 17:00:00,-0.5855088365898818,1.8103107108386771,0.6953652074724163,-0.021438590758290885,1.716647288152896,2.2094312652215473,1.2268364400966851,188.0
"Narela, Delhi - DPCC",2026-04-21 17:00:00,1.1618993194244707,1.2558011237349382,-0.13571206722182275,0.38897525226259727,2.159780442945844,1.538800163542589,0.2674703307350223,210.0
"Nathu Colony, Ballabgarh - HSPCB",2026-04-21 17:00:00,1.1055313143917498,-0.6849824311281482,-0.3434813858953825,-0.22664551226873497,3.3683254105629756,0.748413507992388,-0.611948602846502,294.0
"Navy Nagar-Colaba, Mumbai - IITM",2026-04-21 17:00:00,-0.19093280136083451,-0.1304728440244092,-0.23959672655860262,0.10681573518573667,-0.17673982778061004,-0.3293864768487951,-0.611948602846502,94.0
"Nayapura, Kota - RSPCB",2026-04-21 17:00:00,-0.641876841622603,-0.40772763757627867,1.1109038448195356,0.08116486999693116,-0.11631257939975347,1.3471912773486008,0.3474175065151609,130.0
"Nehru Nagar, Delhi - DPCC",2026-04-21 17:00:00,0.5982192690972602,1.2558011237349382,1.3186731634930955,0.05551400480812565,1.4749382946294696,0.9160712834121276,1.3067836158768238,176.0
"Nehru Nagar, Kanpur - UPPCB",2026-04-21 17:00:00,1.7819473747844023,-0.1304728440244092,0.903134526145976,-0.7140119508560396,-0.9622940567317455,-0.3054353660745466,-0.13226554816567057,63.0
"Nerul, Navi Mumbai - MPCB",2026-04-21 17:00:00,-0.19093280136083451,0.42403674307932976,1.5783848118350452,-0.22664551226873497,-0.21702466003451443,-0.37728869839729207,-0.29215989972594775,92.0
"New Colony, Bundi - RSPCB",2026-04-21 17:00:00,-1.1491888869170925,-0.6849824311281482,1.007019185482756,1.3124063990595958,-0.4184488213040363,-0.8802620246565108,-0.4520542512862249,104.0
"New DM Office, Arrah - BSPCB",2026-04-21 17:00:00,1.387371339555355,-0.9622372246800176,-1.0187316715844517,-1.1500766590657334,-0.5191609019387973,0.9160712834121276,-0.9317373059670563,112.0
"New Industrial Town, Faridabad - HSPCB",2026-04-21 17:00:00,1.7819473747844023,1.5330559172868077,-0.08376973755343281,-0.9705206027440948,-0.2573094922884188,0.6765601756696425,-0.6918957786266406,102.0
"New Malakpet, Hyderabad - TSPCB",2026-04-21 17:00:00,0.20364323386821284,-0.6849824311281482,-0.6031930342373322,-0.5601067597232066,-0.2975943245423232,-0.18567981220330398,-0.052318372385532,88.0
"New Mandi, Muzaffarnagar - UPPCB",2026-04-21 17:00:00,-0.5291408315571609,0.42403674307932976,0.6434228778040263,1.2611046686819847,1.2533717172329957,0.5089024002499029,1.6265723189973782,165.0
"New Moti Bagh, Delhi - MHUA",2026-04-21 17:00:00,-0.5855088365898818,-0.1304728440244092,-0.9148470122476718,-0.22664551226873497,-0.21702466003451443,0.5328535110241515,-0.29215989972594775,96.0
"North Campus, DU, Delhi - IMD",2026-04-21 17:00:00,-0.19093280136083451,-0.1304728440244092,0.6953652074724163,1.0558977471715405,1.3137989656138522,0.6526090648953939,-0.29215989972594775,168.0
"OMC Colony, Suakati - OSPCB",2026-04-21 17:00:00,-0.641876841622603,-0.40772763757627867,-0.8629046825792819,1.7741219724580948,0.8102385624400473,2.4010401514155353,-0.13226554816567057,174.0
"OP Jindal Industrial Park, Tumidih - CECB",2026-04-21 17:00:00,-0.41640482149171876,-0.9622372246800176,2.2016927678557248,0.8506908256610964,-0.21702466003451443,-0.13777759065480696,-0.5320014270663634,92.0
"OP Jindal School, Kunjemura - CECB",2026-04-21 17:00:00,0.372747248966376,-0.9622372246800176,0.851192196477586,-0.5088050293455956,0.004541917361959685,-0.6167998061397773,1.066942088536408,103.0
"Okhla Phase-2, Delhi - DPCC",2026-04-21 17:00:00,0.9927953043263076,2.0875655043905468,3.500251009565473,-0.20099464707992945,1.5555079591372785,0.5328535110241515,1.3067836158768238,180.0
"Old City, Sri Ganganagar - RSPCB",2026-04-21 17:00:00,0.2600112389009339,-0.40772763757627867,-0.23959672655860262,2.851458310387926,0.7498113140591908,-0.16172870142905546,-0.9317373059670563,164.0
"Old MIDC, Jalna - MPCB",2026-04-21 17:00:00,-1.3182929020152556,-0.40772763757627867,-0.29153905622699255,0.4402769826402083,-0.5594457341927017,-0.37728869839729207,-0.29215989972594775,75.0
"Omex Eternity, Vrindavan - UPPCB",2026-04-21 17:00:00,-0.8109808567207661,0.9785463301830687,0.020114921783347058,-0.9448697375552892,-0.05588533101889689,-0.6886531384625227,0.507311858075438,100.0
"Opp GPO Civil Lines, Nagpur - MPCB",2026-04-21 17:00:00,0.2600112389009339,0.1467819495274603,0.9550768558143659,-0.25229637745754047,-0.21702466003451443,-0.3054353660745466,0.42736468229529945,92.0
"PCBL Residential Complex, Durgapur - WBPCB",2026-04-21 17:00:00,-0.698244846655324,0.42403674307932976,1.007019185482756,-1.0731240634993169,-0.17673982778061004,-0.018022036783564392,-0.5320014270663634,94.0
"PWD Junction, Kohima - NPCB",2026-04-21 17:00:00,-1.4873969171134187,-1.2394920182318871,-1.1745586605896214,-1.1244257938769278,-0.21702466003451443,-0.3054353660745466,1.2268364400966851,92.0
"Padmapukur, Howrah - WBPCB",2026-04-21 17:00:00,-0.641876841622603,-0.40772763757627867,-0.759020023242502,-0.40620156859037354,-1.00257888898565,-0.7605064707852683,0.3474175065151609,53.0
"Pallavpuram Phase 2, Meerut - UPPCB",2026-04-21 17:00:00,0.034539218770049694,0.7012915366311993,1.007019185482756,1.2867555338707901,2.240350107453653,1.1555823911546128,0.3474175065151609,214.0
"Pan Bazaar, Guwahati - PCBA",2026-04-21 17:00:00,-0.641876841622603,-0.1304728440244092,-0.23959672655860262,-0.5857576249120121,-0.21702466003451443,-0.3054353660745466,-0.29215989972594775,92.0
"Panchawati_Pashan, Pune - IITM",2026-04-21 17:00:00,1.331003334522634,-0.1304728440244092,-0.4993083749005523,-0.43185243377917903,-0.599730566446606,-0.5688975845912801,-0.29215989972594775,73.0
"Pandav Nagari, Nashik - MPCB",2026-04-21 17:00:00,-0.754612851688045,-0.9622372246800176,-0.8109623529108919,-0.0470894559470964,-0.7407274793352714,-0.7126042492367712,-0.5320014270663634,66.0
"Park Street Wakad, Pimpri Chinchwad - MPCB",2026-04-21 17:00:00,-0.19093280136083451,-0.40772763757627867,1.3186731634930955,-0.09839118632470742,0.04482674961586407,0.2933424032816663,-0.611948602846502,105.0
"Paryavaran Parisar, Bhopal - MPPCB",2026-04-21 17:00:00,-0.41640482149171876,0.42403674307932976,0.020114921783347058,-0.22664551226873497,-0.5393033180657495,-0.6647020276882742,0.8271005611959923,76.0
"Patia, Bhubaneswar - OSPCB",2026-04-21 17:00:00,2.909307475438823,0.1467819495274603,-0.9148470122476718,0.23507006112976422,-0.7407274793352714,-0.7365553600110198,-0.8517901301869177,83.0
"Patparganj, Delhi - DPCC",2026-04-21 17:00:00,0.7109552791627023,0.7012915366311993,2.773058394208014,0.10681573518573667,1.7972169526607047,0.46100017870140586,0.2674703307350223,192.0
"Patti Mehar, Ambala - HSPCB",2026-04-21 17:00:00,-0.07819679129539242,0.7012915366311993,-0.8629046825792819,-0.8166154116112617,-1.868702782444594,-1.5508931263354693,0.42736468229529945,30.0
"Perungudi, Chennai - TNPCB",2026-04-21 17:00:00,0.2600112389009339,-1.2394920182318871,-1.1745586605896214,-1.2783309850097608,-1.224145466382124,-0.35333758762304357,-1.0116844817471948,59.0
"Phase-1 GIDC, Vapi - GPCB",2026-04-21 17:00:00,-0.19093280136083451,-0.6849824311281482,-0.03182740788504288,-0.8166154116112617,-0.21702466003451443,0.43704906792715736,0.3474175065151609,92.0
"Phase-4 GIDC, Vatva - GPCB",2026-04-21 17:00:00,-1.600132927178861,3.7510942657017634,1.838096460176995,-0.25229637745754047,0.3872478237740513,0.8202668403151335,2.8257799556994567,122.0
"Plammoodu, Thiruvananthapuram - Kerala PCB",2026-04-21 17:00:00,-0.754612851688045,-0.1304728440244092,-0.23959672655860262,-0.8935680071776783,-1.123433385747363,-1.023968689302002,0.2674703307350223,47.0
"Polayathode, Kollam - Kerala PCB",2026-04-21 17:00:00,-0.8673488617534871,-0.1304728440244092,-0.23959672655860262,-0.43185243377917903,-0.21702466003451443,-0.3054353660745466,-0.29215989972594775,92.0
"Police Commissionerate, Jaipur - RSPCB",2026-04-21 17:00:00,1.331003334522634,3.7510942657017634,-0.13571206722182275,0.6198330389618469,0.08511158186976846,0.10173351708767818,1.3867307916569624,107.0
"Police Line, Saharsa - BSPCB",2026-04-21 17:00:00,0.5418512640645392,-0.40772763757627867,-1.0187316715844517,-0.3035981078351515,0.9109506430748083,1.0597779480576186,0.10757597917474515,148.0
"Police Lines, Jind - HSPCB",2026-04-21 17:00:00,-1.4310289120806976,-0.1304728440244092,0.5914805481356363,-0.43185243377917903,0.20596607863148161,2.664502369932269,-1.1715788333074721,185.0
"Powai, Mumbai - MPCB",2026-04-21 17:00:00,-0.19093280136083451,-0.9622372246800176,-1.0187316715844517,-1.1244257938769278,-0.7407274793352714,-0.5209953630427832,-1.0916316575273335,66.0
"Prabhat Colony, Jalgaon - MPCB",2026-04-21 17:00:00,-0.13456479632811347,-0.9622372246800176,-0.7070776935741121,1.0815486123603462,-0.3378791567962276,-0.2096309229775525,-0.3721070755060863,95.0
"Pragati Nagar, Pratapgarh - RSPCB",2026-04-21 17:00:00,-1.0928208818843714,0.7012915366311993,-0.5512507045689422,0.9019925560387075,0.06496916574281626,-0.7126042492367712,-0.7718429544067792,106.0
"Prashant Garden, Khora - UPPCB",2026-04-21 17:00:00,1.6692113647189601,1.2558011237349382,3.500251009565473,3.2618721534088144,1.9382138655493701,3.1914268069657363,0.507311858075438,341.0
"Pratap Nagar, Bhilwara - RSPCB",2026-04-21 17:00:00,0.2600112389009339,-0.1304728440244092,0.072057251451737,0.4402769826402083,0.12539641412367283,-0.9760664677535049,-0.21221272394580915,109.0
"Priyambada Housing Estate, Haldia - WBPCB",2026-04-21 17:00:00,-0.41640482149171876,-0.40772763757627867,-0.5512507045689422,-0.43185243377917903,-0.7608698954622236,-0.49704425226853466,-0.29215989972594775,65.0
"Punjab Agricultural University, Ludhiana - PPCB",2026-04-21 17:00:00,0.4854832590318181,1.8103107108386771,1.1628461744879257,-0.25229637745754047,-0.05588533101889689,0.2933424032816663,-0.21221272394580915,100.0
"Punjabi Bagh, Delhi - DPCC",2026-04-21 17:00:00,0.9927953043263076,-0.40772763757627867,0.903134526145976,0.7224364997170689,1.5353655430103264,1.0837290588318673,2.985674307259734,179.0
"Pusa, Delhi - DPCC",2026-04-21 17:00:00,2.1765234100134494,2.364820297942416,3.500251009565473,0.4402769826402083,2.5827711816118404,1.5148490527683405,1.3867307916569624,231.0
"Pusa, Delhi - IMD",2026-04-21 17:00:00,3.6420915408641967,-0.1304728440244092,-0.08376973755343281,2.800156580010315,0.8303809785669996,0.31729351405591477,-0.29215989972594775,162.0
"R K Puram, Delhi - DPCC",2026-04-21 17:00:00,-0.4727728265244398,2.6420750914942857,1.993923449182165,-0.021438590758290885,2.159780442945844,1.7064579389623287,2.1862025494583484,210.0
"RIICO Ind. Area III, Bhiwadi - RSPCB",2026-04-21 17:00:00,-0.8673488617534871,0.1467819495274603,0.5395382184672464,-0.329248973023957,0.16568124637757722,2.2573334867700443,-0.21221272394580915,168.0
"RIICO Sitapura, Jaipur - RSPCB",2026-04-21 17:00:00,2.514731440209776,-0.9622372246800176,2.461404416197674,1.6202167813252617,1.192944468852139,0.8681690618636306,-0.21221272394580915,162.0
"RIMT University, Mandi Gobindgarh - PPCB",2026-04-21 17:00:00,0.2600112389009339,0.1467819495274603,-0.13571206722182275,-0.4575032989679846,1.9986411139302267,2.6405512591580207,0.6672062096357152,202.0
"RVCE-Mailasandra, Bengaluru - KSPCB",2026-04-21 17:00:00,-0.9237168667862082,-0.40772763757627867,-0.08376973755343281,-0.6370593552896231,-0.17673982778061004,0.14963573863617521,-0.29215989972594775,94.0
"Rabindra Bharati University, Kolkata - WBPCB",2026-04-21 17:00:00,0.034539218770049694,0.42403674307932976,1.2147885041563156,0.1324666003745422,-0.8414395599700324,-0.37728869839729207,-0.611948602846502,61.0
"Rabindra Sarobar, Kolkata - WBPCB",2026-04-21 17:00:00,-0.5291408315571609,0.42403674307932976,0.3837112294620766,-0.7396628160448452,-1.1838606341282196,-0.9521153569792564,-0.8517901301869177,44.0
"Rachnakar Colony, Aurangabad - MPCB",2026-04-21 17:00:00,-0.13456479632811347,-0.40772763757627867,0.2798265701252967,0.6198330389618469,-0.35802157292317977,-0.3054353660745466,0.10757597917474515,85.0
"Radhakishan Pura, Sikar - RSPCB",2026-04-21 17:00:00,-0.9800848718189292,0.9785463301830687,0.17594191078851687,1.4663115901924288,0.9109506430748083,-0.6407509169140257,-1.0116844817471948,148.0
"Raghunathpali, Rourkela - OSPCB",2026-04-21 17:00:00,0.9364272992935866,-1.2394920182318871,-0.6031930342373322,-0.7140119508560396,-0.277451908415371,0.07778240631342966,-0.8517901301869177,89.0
"Raikhad, Ahmedabad - IITM",2026-04-21 17:00:00,-0.19093280136083451,0.7012915366311993,1.5264424821666551,-0.5088050293455956,0.08511158186976846,-0.25753314452604953,0.5872590338555767,107.0
"Railway Colony, Barmer - RSPCB",2026-04-21 17:00:00,-0.698244846655324,-0.1304728440244092,-0.8629046825792819,0.1324666003745422,-0.35802157292317977,-1.1437242431732446,-1.0916316575273335,85.0
"Railway Colony, Guwahati - PCBA",2026-04-21 17:00:00,-0.19093280136083451,-1.2394920182318871,-1.2265009902580115,-1.3039818501985665,-1.3449999631438372,-0.6167998061397773,-1.0916316575273335,48.0
"Raja Ganj, Dholpur - RSPCB",2026-04-21 17:00:00,-0.24730080639355556,-0.1304728440244092,0.48759588879885646,-0.021438590758290885,-0.09617016327280127,-0.3054353660745466,-0.8517901301869177,98.0
"Rajbagh, Srinagar - JKPCC",2026-04-21 17:00:00,-0.8109808567207661,-0.1304728440244092,-0.23959672655860262,-1.3039818501985665,-1.2845727147629806,-1.167675353947493,-1.0916316575273335,39.0
"Rajbansi Nagar, Patna - BSPCB",2026-04-21 17:00:00,0.9364272992935866,-0.6849824311281482,0.2278842404569068,-0.5857576249120121,0.32682057539319476,1.2992890558001038,-0.29215989972594775,128.0
"Rajendra Nagar North, Guntur - APPCB",2026-04-21 17:00:00,-1.2055568919498134,-0.40772763757627867,-0.3954237155637724,0.26072092631856975,-0.39830640517708416,-0.11382647988055844,-0.21221272394580915,83.0
"Rajendra Nagar, Bareilly - UPPCB",2026-04-21 17:00:00,-0.36003681645899765,-1.2394920182318871,-0.9148470122476718,-1.22702925463215,-0.21702466003451443,-1.0958220216247474,2.426044076798764,92.0
"Rajiv Gandhi Park, Vijayawada - APPCB",2026-04-21 17:00:00,0.09090722380277075,0.42403674307932976,-0.4473660452321624,-0.43185243377917903,-1.123433385747363,-0.5928486953655288,0.2674703307350223,49.0
"Rajiv Nagar, Vijayawada - APPCB",2026-04-21 17:00:00,-0.5855088365898818,-0.1304728440244092,-0.23959672655860262,-0.5601067597232066,-0.21702466003451443,-0.3054353660745466,-0.29215989972594775,92.0
"Rajlaxmi Nagar, Jhalawar - RSPCB",2026-04-21 17:00:00,-0.41640482149171876,0.42403674307932976,0.17594191078851687,1.1841520731155681,-0.2975943245423232,-0.6886531384625227,0.2674703307350223,99.0
"Rakhial, Ahmedabad - IITM",2026-04-21 17:00:00,-1.5437649221461398,-0.6849824311281482,-1.1745586605896214,-0.12404205151351293,0.3872478237740513,-0.47309314149428616,2.9057271314795954,122.0
"Ram Nagar, Nagpur - MPCB",2026-04-21 17:00:00,-1.0928208818843714,-0.40772763757627867,-0.18765439689021268,0.05551400480812565,-0.277451908415371,-0.11382647988055844,0.02762880339460658,89.0
"Ramachandrapuram, Hyderabad - TSPCB",2026-04-21 17:00:00,0.034539218770049694,-0.40772763757627867,-0.6551353639057221,-0.5601067597232066,-0.47887606968489294,-0.5449464738170317,-0.4520542512862249,79.0
"Ramdaspeth, Akola - MPCB",2026-04-21 17:00:00,-0.698244846655324,0.42403674307932976,-0.6551353639057221,0.7480873649058745,-0.43859123743098855,0.14963573863617521,0.2674703307350223,82.0
"Rampur, Korba - CECB",2026-04-21 17:00:00,-0.698244846655324,-0.1304728440244092,0.5914805481356363,-1.0218223331217058,-0.5795881503196538,-1.0479198000762504,2.5059912525789025,74.0
"Ramteerth Nagar, Belgaum - KSPCB",2026-04-21 17:00:00,-0.19093280136083451,0.7012915366311993,1.5783848118350452,-0.8679171419888727,-0.6803002309544148,-0.49704425226853466,2.2661497252384866,69.0
"Ratandeep Housing Society, Solapur - MPCB",2026-04-21 17:00:00,-0.5855088365898818,0.9785463301830687,2.1497504381873345,-0.277947242646346,0.08511158186976846,0.2933424032816663,-0.7718429544067792,107.0
"Ratanpura, Rupnagar - Ambuja Cements",2026-04-21 17:00:00,0.2600112389009339,-0.1304728440244092,-0.03182740788504288,-0.22664551226873497,-1.6269937889211679,-1.359284240141481,-0.21221272394580915,44.0
"Rati Talai, Banswara - RSPCB",2026-04-21 17:00:00,-0.3036688114262766,-0.40772763757627867,0.2798265701252967,0.4659278478290138,-0.17673982778061004,-0.5928486953655288,-0.8517901301869177,94.0
"Regional Park, Indore - IMC",2026-04-21 17:00:00,-0.641876841622603,-0.9622372246800176,-0.3954237155637724,-1.1500766590657334,-1.2845727147629806,-0.7126042492367712,0.42736468229529945,44.0
"Residency Area, Indore - IMC",2026-04-21 17:00:00,-0.07819679129539242,-0.1304728440244092,-0.23959672655860262,-1.0218223331217058,-1.0428637212395542,-0.7365553600110198,-0.7718429544067792,51.0
"Revenue Colony-Shivajinagar, Pune - IITM",2026-04-21 17:00:00,0.6545872741299813,-0.1304728440244092,-0.23959672655860262,-0.4575032989679846,-0.21702466003451443,-0.3054353660745466,-0.29215989972594775,92.0
"Rishi Nagar, Kaithal - HSPCB",2026-04-21 17:00:00,-0.41640482149171876,0.1467819495274603,0.2278842404569068,-0.9192188723664838,0.10525399799672064,0.46100017870140586,3.4653573619405655,108.0
"Rohini, Delhi - DPCC",2026-04-21 17:00:00,-0.41640482149171876,0.42403674307932976,0.3837112294620766,-0.20099464707992945,2.361204604215366,1.442995720445595,0.7471533854158537,220.0
"Rohta, Agra - UPPCB",2026-04-21 17:00:00,-0.754612851688045,-0.1304728440244092,-0.7070776935741121,-1.0474731983105112,-0.21702466003451443,-0.16172870142905546,-0.4520542512862249,92.0
"Royapuram, Chennai - TNPCB",2026-04-21 17:00:00,-0.4727728265244398,-0.40772763757627867,-0.7070776935741121,-0.9192188723664838,-1.1435758018743152,-1.2395286862702386,-0.8517901301869177,46.0
"SAC ISRO Bopal, Ahmedabad - IITM",2026-04-21 17:00:00,-0.19093280136083451,-0.40772763757627867,-0.4473660452321624,0.26072092631856975,-0.6400153987005105,-0.2096309229775525,-0.3721070755060863,71.0
"SAC ISRO Satellite, Ahmedabad - IITM",2026-04-21 17:00:00,0.5982192690972602,-0.40772763757627867,-0.7070776935741121,-0.9448697375552892,-0.05588533101889689,0.2693912925074178,0.02762880339460658,100.0
"SDM Office_Khagra, Kishanganj - BSPCB",2026-04-21 17:00:00,-0.9800848718189292,-0.6849824311281482,-0.9667893419160617,-0.4831541641567901,-1.123433385747363,-0.49704425226853466,-0.6918957786266406,53.0
"SFTI Kusdihra, Gaya - BSPCB",2026-04-21 17:00:00,-0.9800848718189292,-0.40772763757627867,-0.18765439689021268,0.3633243870737918,-0.599730566446606,-0.2096309229775525,-0.6918957786266406,73.0
"SIDCO Kurichi, Coimbatore - TNPCB",2026-04-21 17:00:00,0.09090722380277075,-1.2394920182318871,-0.6551353639057221,-0.8422662768000673,-0.9824364728586977,-0.5449464738170317,0.5872590338555767,54.0
"SIPCOT Industrial Park, Perundurai - TNPCB",2026-04-21 17:00:00,0.5418512640645392,-0.6849824311281482,-0.759020023242502,-0.7653136812336507,-1.0630061373665065,-0.8084086923337653,0.02762880339460658,50.0
"SRM University, Modinagar - UPPCB",2026-04-21 17:00:00,0.7673232841954234,-0.6849824311281482,1.630327141503435,0.5172295782066249,3.3683254105629756,3.1914268069657363,1.066942088536408,290.0
"SVPI Airport Hansol, Ahmedabad - IITM",2026-04-21 17:00:00,-0.24730080639355556,-0.9622372246800176,0.2798265701252967,0.28637179150737524,0.12539641412367283,-0.5209953630427832,0.10757597917474515,109.0
"SVSPA Campus, Barrackpore - WBPCB",2026-04-21 17:00:00,0.1472752288354918,0.1467819495274603,-0.13571206722182275,-0.20099464707992945,-0.7810123115891758,-0.49704425226853466,-0.13226554816567057,64.0
"Sadanand Nagar, Mehsana - Nexteng Enviro",2026-04-21 17:00:00,1.2746353294899129,-0.6849824311281482,0.6434228778040263,-0.9961714679329003,0.9109506430748083,-0.47309314149428616,-0.611948602846502,148.0
"Sadar Bazar, Jaisalmer - RSPCB",2026-04-21 17:00:00,-0.8109808567207661,2.6420750914942857,-0.23959672655860262,0.31202265669618073,0.30667815926624253,-0.3054353660745466,-1.0916316575273335,118.0
"Sahilara, Maihar - KJS Cements",2026-04-21 17:00:00,2.7965714653733813,-0.1304728440244092,-0.23959672655860262,-0.22664551226873497,-0.21702466003451443,-0.3054353660745466,-0.29215989972594775,92.0
"Sahu Nagar, Sawai Madhopur - RSPCB",2026-04-21 17:00:00,-0.13456479632811347,-0.40772763757627867,0.5914805481356363,2.441044467367038,0.6893840656783342,-0.8802620246565108,-1.0916316575273335,148.0
"Samanpura, Patna - BSPCB",2026-04-21 17:00:00,2.063787399948007,-0.1304728440244092,-0.7070776935741121,1.2098029383043736,1.1123748043443302,0.19753796018467223,-0.9317373059670563,158.0
"Samrat Ashok Udhyan, Jodhpur - RSPCB",2026-04-21 17:00:00,-0.8109808567207661,-0.40772763757627867,-0.9667893419160617,0.1324666003745422,-0.05588533101889689,-0.9281642462050079,-1.0116844817471948,100.0
"Sanathnagar, Hyderabad - TSPCB",2026-04-21 17:00:00,0.4854832590318181,-0.1304728440244092,-0.23959672655860262,-0.9705206027440948,-0.21702466003451443,-0.3054353660745466,-0.29215989972594775,92.0
"Sanegurava Halli, Bengaluru - KSPCB",2026-04-21 17:00:00,-0.5855088365898818,-0.1304728440244092,-0.23959672655860262,-0.22664551226873497,-0.21702466003451443,-0.3054353660745466,-0.29215989972594775,92.0
"Sanjay Nagar, Ghaziabad - UPPCB",2026-04-21 17:00:00,2.571099445242497,0.7012915366311993,1.3186731634930955,1.4406607250036232,2.3007773558345095,0.604706843346897,1.2268364400966851,217.0
"Sanjay Palace, Agra - UPPCB",2026-04-21 17:00:00,0.09090722380277075,-0.1304728440244092,-0.8109623529108919,1.7741219724580948,1.495080710756422,1.2992890558001038,0.10757597917474515,177.0
"Sardar Patel Inter College, Baghpat - UPPCB",2026-04-21 17:00:00,0.8236912892281444,-0.9622372246800176,0.020114921783347058,0.6198330389618469,2.965477088023932,1.2992890558001038,2.1062553736782097,250.0
"Sardar Patel Nagar, Dhanbad - JSPCB",2026-04-21 17:00:00,2.1201554049807285,-0.1304728440244092,-0.23959672655860262,0.1324666003745422,-0.21702466003451443,-0.3054353660745466,-0.29215989972594775,92.0
"Satyawati Vihar, Karauli - RSPCB",2026-04-21 17:00:00,0.372747248966376,0.7012915366311993,0.851192196477586,1.1071994775491516,-0.17673982778061004,-0.25753314452604953,-0.4520542512862249,96.0
"Savitribai Phule Pune University, Pune - MPCB",2026-04-21 17:00:00,-0.698244846655324,-0.9622372246800176,-0.29153905622699255,0.28637179150737524,-0.8212971438430802,-0.7365553600110198,-0.9317373059670563,64.0
"Savta Mali Nagar, Pimpri-Chinchwad - IITM",2026-04-21 17:00:00,1.2746353294899129,-0.1304728440244092,0.9550768558143659,-0.9705206027440948,-0.37816398905013193,-0.4251909199457891,-0.29215989972594775,84.0
"Sawe Wadi, Latur - MPCB",2026-04-21 17:00:00,-0.9800848718189292,0.42403674307932976,-0.23959672655860262,-0.329248973023957,-0.8817243922239367,-0.233582033751801,-0.8517901301869177,64.0
"Science Center, Surat - SMC",2026-04-21 17:00:00,0.9927953043263076,-0.1304728440244092,-0.6031930342373322,-0.22664551226873497,-0.4184488213040363,-0.233582033751801,0.10757597917474515,82.0
"Secretariat, Amaravati - APPCB",2026-04-21 17:00:00,-1.0364528768516503,-0.6849824311281482,-0.5512507045689422,0.23507006112976422,-1.0630061373665065,-1.0958220216247474,-0.13226554816567057,62.0
"Sector - 125, Noida - UPPCB",2026-04-21 17:00:00,0.7109552791627023,2.919329885046155,2.0458657788505548,1.3124063990595958,1.5555079591372785,0.5568046217984,-0.29215989972594775,180.0
"Sector - 62, Noida - IMD",2026-04-21 17:00:00,1.387371339555355,-0.1304728440244092,-0.3954237155637724,1.1841520731155681,1.192944468852139,0.8921201726378791,-0.29215989972594775,162.0
